"id","ingested_at","kafka_topic","kafka_partition","kafka_offset","event_type","event_time","payload_json"
1,"2026-04-11 18:24:24.819114+00","fan_events",1,0,"ticket_scan","2025-07-27 14:30:00+00","{""event"": ""ticket_scan"", ""fan_id"": ""fan_09536"", ""location"": ""Tribune 3 Gate 7"", ""match_id"": ""jpl-2025-26-01"", ""timestamp"": ""2025-07-27T14:30:00Z""}"
2,"2026-04-11 18:24:24.835536+00","fan_events",0,0,"merch_purchase","2025-07-27 14:30:00+00","{""item"": ""Sjaal Club Kids"", ""event"": ""merch_purchase"", ""amount"": 18.01, ""fan_id"": ""fan_10039"", ""location"": ""Jan Breydel Stadium"", ""match_id"": ""jpl-2025-26-01"", ""timestamp"": ""2025-07-27T14:30:00Z""}"
3,"2026-04-11 18:24:25.165024+00","fan_events",0,1,"merch_purchase","2025-07-27 14:30:01+00","{""item"": ""Sjaal Club Brugge - FC Barcelona"", ""event"": ""merch_purchase"", ""amount"": 37.01, ""fan_id"": ""fan_26348"", ""location"": ""Jan Breydel Stadium"", ""match_id"": ""jpl-2025-26-01"", ""timestamp"": ""2025-07-27T14:30:01Z""}"
4,"2026-04-11 18:24:25.769868+00","fan_events",0,2,"ticket_scan","2025-07-27 14:30:01+00","{""event"": ""ticket_scan"", ""fan_id"": ""fan_27714"", ""location"": ""Fan Zone East"", ""match_id"": ""jpl-2025-26-01"", ""timestamp"": ""2025-07-27T14:30:01Z""}"
5,"2026-04-11 18:24:26.652639+00","fan_events",2,0,"merch_purchase","2025-07-27 14:30:02+00","{""item"": ""Beanie 1891 grijs"", ""event"": ""merch_purchase"", ""amount"": 29.73, ""fan_id"": ""fan_14694"", ""location"": ""Jan Breydel Stadium"", ""match_id"": ""jpl-2025-26-01"", ""timestamp"": ""2025-07-27T14:30:02Z""}"
6,"2026-04-11 18:24:27.322888+00","fan_events",1,1,"ticket_scan","2025-07-27 14:30:02+00","{""event"": ""ticket_scan"", ""fan_id"": ""fan_06799"", ""location"": ""VIP Ingang West"", ""match_id"": ""jpl-2025-26-01"", ""timestamp"": ""2025-07-27T14:30:02Z""}"
7,"2026-04-11 18:24:28.248653+00","fan_events",1,2,"ticket_scan","2025-07-27 14:30:02+00","{""event"": ""ticket_scan"", ""fan_id"": ""fan_16184"", ""location"": ""VIP Ingang West"", ""match_id"": ""jpl-2025-26-01"", ""timestamp"": ""2025-07-27T14:30:02Z""}"
8,"2026-04-11 18:24:28.836178+00","fan_events",1,3,"ticket_scan","2025-07-27 14:30:02+00","{""event"": ""ticket_scan"", ""fan_id"": ""fan_21520"", ""location"": ""Fan Zone East"", ""match_id"": ""jpl-2025-26-01"", ""timestamp"": ""2025-07-27T14:30:02Z""}"
9,"2026-04-11 18:24:29.145005+00","fan_events",0,3,"merch_purchase","2025-07-27 14:30:03+00","{""item"": ""Sjaal Club Kids"", ""event"": ""merch_purchase"", ""amount"": 16.71, ""fan_id"": ""fan_16466"", ""location"": ""Jan Breydel Stadium"", ""match_id"": ""jpl-2025-26-01"", ""timestamp"": ""2025-07-27T14:30:03Z""}"
10,"2026-04-11 18:24:29.632989+00","fan_events",0,4,"ticket_scan","2025-07-27 14:30:03+00","{""event"": ""ticket_scan"", ""fan_id"": ""fan_06776"", ""location"": ""Jan Breydel Noord A"", ""match_id"": ""jpl-2025-26-01"", ""timestamp"": ""2025-07-27T14:30:03Z""}"
11,"2026-04-11 18:24:30.38832+00","fan_events",2,1,"merch_purchase","2025-07-27 14:30:04+00","{""item"": ""Pet 1891"", ""event"": ""merch_purchase"", ""amount"": 24.7, ""fan_id"": ""fan_02473"", ""location"": ""Jan Breydel Stadium"", ""match_id"": ""jpl-2025-26-01"", ""timestamp"": ""2025-07-27T14:30:04Z""}"
12,"2026-04-11 18:24:31.040288+00","fan_events",0,5,"ticket_scan","2025-07-27 14:30:05+00","{""event"": ""ticket_scan"", ""fan_id"": ""fan_08312"", ""location"": ""Tribune 3 Gate 7"", ""match_id"": ""jpl-2025-26-01"", ""timestamp"": ""2025-07-27T14:30:05Z""}"
13,"2026-04-11 18:24:31.73393+00","fan_events",1,4,"ticket_scan","2025-07-27 14:30:05+00","{""event"": ""ticket_scan"", ""fan_id"": ""fan_25097"", ""location"": ""Fan Zone East"", ""match_id"": ""jpl-2025-26-01"", ""timestamp"": ""2025-07-27T14:30:05Z""}"
14,"2026-04-11 18:24:32.429945+00","fan_events",1,5,"ticket_scan","2025-07-27 14:30:06+00","{""event"": ""ticket_scan"", ""fan_id"": ""fan_10569"", ""location"": ""Fan Zone East"", ""match_id"": ""jpl-2025-26-01"", ""timestamp"": ""2025-07-27T14:30:06Z""}"
15,"2026-04-11 18:24:32.761365+00","fan_events",0,6,"ticket_scan","2025-07-27 14:30:06+00","{""event"": ""ticket_scan"", ""fan_id"": ""fan_25807"", ""location"": ""Fan Zone East"", ""match_id"": ""jpl-2025-26-01"", ""timestamp"": ""2025-07-27T14:30:06Z""}"
16,"2026-04-11 18:24:33.433247+00","fan_events",0,7,"merch_purchase","2025-07-27 14:30:07+00","{""item"": ""Spiegelhanger 25/26"", ""event"": ""merch_purchase"", ""amount"": 14.24, ""fan_id"": ""fan_00575"", ""location"": ""Jan Breydel Stadium"", ""match_id"": ""jpl-2025-26-01"", ""timestamp"": ""2025-07-27T14:30:07Z""}"
17,"2026-04-11 18:24:33.734609+00","fan_events",0,8,"merch_purchase","2025-07-27 14:30:07+00","{""item"": ""Sjaal Club Brugge"", ""event"": ""merch_purchase"", ""amount"": 28.47, ""fan_id"": ""fan_17965"", ""location"": ""Jan Breydel Stadium"", ""match_id"": ""jpl-2025-26-01"", ""timestamp"": ""2025-07-27T14:30:07Z""}"
18,"2026-04-11 18:24:34.716315+00","fan_events",0,9,"merch_purchase","2025-07-27 14:30:07+00","{""item"": ""Retro Beanie Wit"", ""event"": ""merch_purchase"", ""amount"": 29.16, ""fan_id"": ""fan_04990"", ""location"": ""Jan Breydel Stadium"", ""match_id"": ""jpl-2025-26-01"", ""timestamp"": ""2025-07-27T14:30:07Z""}"
19,"2026-04-11 18:24:35.51704+00","fan_events",0,10,"ticket_scan","2025-07-27 14:30:07+00","{""event"": ""ticket_scan"", ""fan_id"": ""fan_04372"", ""location"": ""Tribune 3 Gate 7"", ""match_id"": ""jpl-2025-26-01"", ""timestamp"": ""2025-07-27T14:30:07Z""}"
20,"2026-04-11 18:24:36.377103+00","fan_events",2,2,"ticket_scan","2025-07-27 14:30:08+00","{""event"": ""ticket_scan"", ""fan_id"": ""fan_00024"", ""location"": ""VIP Ingang West"", ""match_id"": ""jpl-2025-26-01"", ""timestamp"": ""2025-07-27T14:30:08Z""}"
21,"2026-04-11 18:24:37.311367+00","fan_events",1,6,"ticket_scan","2025-07-27 14:30:10+00","{""event"": ""ticket_scan"", ""fan_id"": ""fan_02183"", ""location"": ""Fan Zone East"", ""match_id"": ""jpl-2025-26-01"", ""timestamp"": ""2025-07-27T14:30:10Z""}"
22,"2026-04-11 18:24:38.246963+00","fan_events",2,3,"merch_purchase","2025-07-27 14:30:11+00","{""item"": ""Beanie 1891 Fisherman zwart"", ""event"": ""merch_purchase"", ""amount"": 28.89, ""fan_id"": ""fan_23274"", ""location"": ""Jan Breydel Stadium"", ""match_id"": ""jpl-2025-26-01"", ""timestamp"": ""2025-07-27T14:30:11Z""}"
23,"2026-04-11 18:24:38.825679+00","fan_events",2,4,"ticket_scan","2025-07-27 14:30:11+00","{""event"": ""ticket_scan"", ""fan_id"": ""fan_21401"", ""location"": ""Jan Breydel Zuid B"", ""match_id"": ""jpl-2025-26-01"", ""timestamp"": ""2025-07-27T14:30:11Z""}"
24,"2026-04-11 18:24:39.508541+00","fan_events",2,5,"ticket_scan","2025-07-27 14:30:11+00","{""event"": ""ticket_scan"", ""fan_id"": ""fan_26309"", ""location"": ""Fan Zone East"", ""match_id"": ""jpl-2025-26-01"", ""timestamp"": ""2025-07-27T14:30:11Z""}"
25,"2026-04-11 18:24:39.809456+00","fan_events",0,11,"merch_purchase","2025-07-27 14:30:12+00","{""item"": ""Sjaal Fort Jan Breydel"", ""event"": ""merch_purchase"", ""amount"": 24.62, ""fan_id"": ""fan_08757"", ""location"": ""Jan Breydel Stadium"", ""match_id"": ""jpl-2025-26-01"", ""timestamp"": ""2025-07-27T14:30:12Z""}"
26,"2026-04-11 18:24:40.478495+00","fan_events",0,12,"merch_purchase","2025-07-27 14:30:12+00","{""item"": ""Sjaal Club - RB Salzburg"", ""event"": ""merch_purchase"", ""amount"": 34.76, ""fan_id"": ""fan_21405"", ""location"": ""Jan Breydel Stadium"", ""match_id"": ""jpl-2025-26-01"", ""timestamp"": ""2025-07-27T14:30:12Z""}"
27,"2026-04-11 18:24:40.888396+00","fan_events",2,6,"ticket_scan","2025-07-27 14:30:12+00","{""event"": ""ticket_scan"", ""fan_id"": ""fan_20911"", ""location"": ""Jan Breydel Zuid B"", ""match_id"": ""jpl-2025-26-01"", ""timestamp"": ""2025-07-27T14:30:12Z""}"
28,"2026-04-11 18:24:41.810626+00","fan_events",1,7,"ticket_scan","2025-07-27 14:30:12+00","{""event"": ""ticket_scan"", ""fan_id"": ""fan_26670"", ""location"": ""Fan Zone East"", ""match_id"": ""jpl-2025-26-01"", ""timestamp"": ""2025-07-27T14:30:12Z""}"
29,"2026-04-11 18:24:42.462744+00","fan_events",0,13,"ticket_scan","2025-07-27 14:30:12+00","{""event"": ""ticket_scan"", ""fan_id"": ""fan_28286"", ""location"": ""Tribune 3 Gate 7"", ""match_id"": ""jpl-2025-26-01"", ""timestamp"": ""2025-07-27T14:30:12Z""}"
61,"2026-04-11 18:25:01.153862+00","fan_events",0,25,"ticket_scan","2025-07-27 14:30:24+00","{""event"": ""ticket_scan"", ""fan_id"": ""fan_12300"", ""location"": ""Fan Zone East"", ""match_id"": ""jpl-2025-26-01"", ""timestamp"": ""2025-07-27T14:30:24Z""}"
30,"2026-04-11 18:24:43.130364+00","fan_events",1,8,"merch_purchase","2025-07-27 14:30:13+00","{""item"": ""Retro Beanie Assubel"", ""event"": ""merch_purchase"", ""amount"": 29.59, ""fan_id"": ""fan_13898"", ""location"": ""Jan Breydel Stadium"", ""match_id"": ""jpl-2025-26-01"", ""timestamp"": ""2025-07-27T14:30:13Z""}"
31,"2026-04-11 18:24:43.896489+00","fan_events",1,9,"ticket_scan","2025-07-27 14:30:13+00","{""event"": ""ticket_scan"", ""fan_id"": ""fan_05355"", ""location"": ""Fan Zone East"", ""match_id"": ""jpl-2025-26-01"", ""timestamp"": ""2025-07-27T14:30:13Z""}"
32,"2026-04-11 18:24:44.337104+00","fan_events",0,14,"ticket_scan","2025-07-27 14:30:13+00","{""event"": ""ticket_scan"", ""fan_id"": ""fan_12625"", ""location"": ""Tribune 3 Gate 7"", ""match_id"": ""jpl-2025-26-01"", ""timestamp"": ""2025-07-27T14:30:13Z""}"
33,"2026-04-11 18:24:45.180776+00","fan_events",2,7,"merch_purchase","2025-07-27 14:30:14+00","{""item"": ""Beanie 1891 navy"", ""event"": ""merch_purchase"", ""amount"": 33.45, ""fan_id"": ""fan_25781"", ""location"": ""Jan Breydel Stadium"", ""match_id"": ""jpl-2025-26-01"", ""timestamp"": ""2025-07-27T14:30:14Z""}"
34,"2026-04-11 18:24:45.626749+00","fan_events",0,15,"ticket_scan","2025-07-27 14:30:14+00","{""event"": ""ticket_scan"", ""fan_id"": ""fan_07012"", ""location"": ""Tribune 3 Gate 7"", ""match_id"": ""jpl-2025-26-01"", ""timestamp"": ""2025-07-27T14:30:14Z""}"
35,"2026-04-11 18:24:46.03812+00","fan_events",1,10,"ticket_scan","2025-07-27 14:30:14+00","{""event"": ""ticket_scan"", ""fan_id"": ""fan_19672"", ""location"": ""Jan Breydel Noord A"", ""match_id"": ""jpl-2025-26-01"", ""timestamp"": ""2025-07-27T14:30:14Z""}"
36,"2026-04-11 18:24:46.419832+00","fan_events",0,16,"ticket_scan","2025-07-27 14:30:15+00","{""event"": ""ticket_scan"", ""fan_id"": ""fan_00073"", ""location"": ""Jan Breydel Zuid B"", ""match_id"": ""jpl-2025-26-01"", ""timestamp"": ""2025-07-27T14:30:15Z""}"
37,"2026-04-11 18:24:47.119194+00","fan_events",2,8,"ticket_scan","2025-07-27 14:30:15+00","{""event"": ""ticket_scan"", ""fan_id"": ""fan_14901"", ""location"": ""Jan Breydel Zuid B"", ""match_id"": ""jpl-2025-26-01"", ""timestamp"": ""2025-07-27T14:30:15Z""}"
38,"2026-04-11 18:24:47.416053+00","fan_events",1,11,"ticket_scan","2025-07-27 14:30:15+00","{""event"": ""ticket_scan"", ""fan_id"": ""fan_28987"", ""location"": ""Tribune 3 Gate 7"", ""match_id"": ""jpl-2025-26-01"", ""timestamp"": ""2025-07-27T14:30:15Z""}"
39,"2026-04-11 18:24:47.708181+00","fan_events",2,9,"ticket_scan","2025-07-27 14:30:16+00","{""event"": ""ticket_scan"", ""fan_id"": ""fan_05520"", ""location"": ""VIP Ingang West"", ""match_id"": ""jpl-2025-26-01"", ""timestamp"": ""2025-07-27T14:30:16Z""}"
40,"2026-04-11 18:24:48.406361+00","fan_events",2,10,"ticket_scan","2025-07-27 14:30:16+00","{""event"": ""ticket_scan"", ""fan_id"": ""fan_06141"", ""location"": ""Fan Zone East"", ""match_id"": ""jpl-2025-26-01"", ""timestamp"": ""2025-07-27T14:30:16Z""}"
41,"2026-04-11 18:24:48.906767+00","fan_events",2,11,"merch_purchase","2025-07-27 14:30:17+00","{""item"": ""Sjaal Club Kids"", ""event"": ""merch_purchase"", ""amount"": 16.23, ""fan_id"": ""fan_24761"", ""location"": ""Jan Breydel Stadium"", ""match_id"": ""jpl-2025-26-01"", ""timestamp"": ""2025-07-27T14:30:17Z""}"
42,"2026-04-11 18:24:49.198062+00","fan_events",0,17,"ticket_scan","2025-07-27 14:30:17+00","{""event"": ""ticket_scan"", ""fan_id"": ""fan_01435"", ""location"": ""VIP Ingang West"", ""match_id"": ""jpl-2025-26-01"", ""timestamp"": ""2025-07-27T14:30:17Z""}"
43,"2026-04-11 18:24:50.047704+00","fan_events",2,12,"ticket_scan","2025-07-27 14:30:17+00","{""event"": ""ticket_scan"", ""fan_id"": ""fan_10355"", ""location"": ""VIP Ingang West"", ""match_id"": ""jpl-2025-26-01"", ""timestamp"": ""2025-07-27T14:30:17Z""}"
44,"2026-04-11 18:24:50.850172+00","fan_events",1,12,"merch_purchase","2025-07-27 14:30:18+00","{""item"": ""Retro Sjaal Assubel"", ""event"": ""merch_purchase"", ""amount"": 34.08, ""fan_id"": ""fan_22017"", ""location"": ""Jan Breydel Stadium"", ""match_id"": ""jpl-2025-26-01"", ""timestamp"": ""2025-07-27T14:30:18Z""}"
45,"2026-04-11 18:24:51.75026+00","fan_events",0,18,"ticket_scan","2025-07-27 14:30:18+00","{""event"": ""ticket_scan"", ""fan_id"": ""fan_10554"", ""location"": ""Tribune 3 Gate 7"", ""match_id"": ""jpl-2025-26-01"", ""timestamp"": ""2025-07-27T14:30:18Z""}"
46,"2026-04-11 18:24:52.073387+00","fan_events",0,19,"ticket_scan","2025-07-27 14:30:18+00","{""event"": ""ticket_scan"", ""fan_id"": ""fan_20355"", ""location"": ""VIP Ingang West"", ""match_id"": ""jpl-2025-26-01"", ""timestamp"": ""2025-07-27T14:30:18Z""}"
47,"2026-04-11 18:24:52.900859+00","fan_events",0,20,"ticket_scan","2025-07-27 14:30:18+00","{""event"": ""ticket_scan"", ""fan_id"": ""fan_26331"", ""location"": ""Jan Breydel Noord A"", ""match_id"": ""jpl-2025-26-01"", ""timestamp"": ""2025-07-27T14:30:18Z""}"
48,"2026-04-11 18:24:53.552845+00","fan_events",2,13,"ticket_scan","2025-07-27 14:30:19+00","{""event"": ""ticket_scan"", ""fan_id"": ""fan_14466"", ""location"": ""VIP Ingang West"", ""match_id"": ""jpl-2025-26-01"", ""timestamp"": ""2025-07-27T14:30:19Z""}"
49,"2026-04-11 18:24:53.901548+00","fan_events",1,13,"ticket_scan","2025-07-27 14:30:20+00","{""event"": ""ticket_scan"", ""fan_id"": ""fan_01623"", ""location"": ""Jan Breydel Noord A"", ""match_id"": ""jpl-2025-26-01"", ""timestamp"": ""2025-07-27T14:30:20Z""}"
50,"2026-04-11 18:24:54.808196+00","fan_events",2,14,"ticket_scan","2025-07-27 14:30:20+00","{""event"": ""ticket_scan"", ""fan_id"": ""fan_05548"", ""location"": ""Jan Breydel Zuid B"", ""match_id"": ""jpl-2025-26-01"", ""timestamp"": ""2025-07-27T14:30:20Z""}"
51,"2026-04-11 18:24:55.632784+00","fan_events",0,21,"ticket_scan","2025-07-27 14:30:20+00","{""event"": ""ticket_scan"", ""fan_id"": ""fan_16341"", ""location"": ""VIP Ingang West"", ""match_id"": ""jpl-2025-26-01"", ""timestamp"": ""2025-07-27T14:30:20Z""}"
52,"2026-04-11 18:24:56.207552+00","fan_events",1,14,"ticket_scan","2025-07-27 14:30:20+00","{""event"": ""ticket_scan"", ""fan_id"": ""fan_21154"", ""location"": ""Tribune 3 Gate 7"", ""match_id"": ""jpl-2025-26-01"", ""timestamp"": ""2025-07-27T14:30:20Z""}"
53,"2026-04-11 18:24:56.71689+00","fan_events",2,15,"ticket_scan","2025-07-27 14:30:21+00","{""event"": ""ticket_scan"", ""fan_id"": ""fan_05483"", ""location"": ""Tribune 3 Gate 7"", ""match_id"": ""jpl-2025-26-01"", ""timestamp"": ""2025-07-27T14:30:21Z""}"
54,"2026-04-11 18:24:57.040635+00","fan_events",1,15,"ticket_scan","2025-07-27 14:30:21+00","{""event"": ""ticket_scan"", ""fan_id"": ""fan_09337"", ""location"": ""Jan Breydel Noord A"", ""match_id"": ""jpl-2025-26-01"", ""timestamp"": ""2025-07-27T14:30:21Z""}"
55,"2026-04-11 18:24:57.464827+00","fan_events",0,22,"ticket_scan","2025-07-27 14:30:21+00","{""event"": ""ticket_scan"", ""fan_id"": ""fan_18937"", ""location"": ""Tribune 3 Gate 7"", ""match_id"": ""jpl-2025-26-01"", ""timestamp"": ""2025-07-27T14:30:21Z""}"
56,"2026-04-11 18:24:57.731284+00","fan_events",2,16,"ticket_scan","2025-07-27 14:30:21+00","{""event"": ""ticket_scan"", ""fan_id"": ""fan_26383"", ""location"": ""VIP Ingang West"", ""match_id"": ""jpl-2025-26-01"", ""timestamp"": ""2025-07-27T14:30:21Z""}"
57,"2026-04-11 18:24:58.383105+00","fan_events",1,16,"merch_purchase","2025-07-27 14:30:22+00","{""item"": ""Sjaal No Sweat No Glory"", ""event"": ""merch_purchase"", ""amount"": 26.71, ""fan_id"": ""fan_06818"", ""location"": ""Jan Breydel Stadium"", ""match_id"": ""jpl-2025-26-01"", ""timestamp"": ""2025-07-27T14:30:22Z""}"
58,"2026-04-11 18:24:58.778608+00","fan_events",0,23,"ticket_scan","2025-07-27 14:30:22+00","{""event"": ""ticket_scan"", ""fan_id"": ""fan_05907"", ""location"": ""Jan Breydel Noord A"", ""match_id"": ""jpl-2025-26-01"", ""timestamp"": ""2025-07-27T14:30:22Z""}"
59,"2026-04-11 18:24:59.701329+00","fan_events",1,17,"ticket_scan","2025-07-27 14:30:24+00","{""event"": ""ticket_scan"", ""fan_id"": ""fan_10106"", ""location"": ""Tribune 3 Gate 7"", ""match_id"": ""jpl-2025-26-01"", ""timestamp"": ""2025-07-27T14:30:24Z""}"
60,"2026-04-11 18:25:00.544254+00","fan_events",0,24,"ticket_scan","2025-07-27 14:30:24+00","{""event"": ""ticket_scan"", ""fan_id"": ""fan_11243"", ""location"": ""Tribune 3 Gate 7"", ""match_id"": ""jpl-2025-26-01"", ""timestamp"": ""2025-07-27T14:30:24Z""}"
62,"2026-04-11 18:25:01.835852+00","fan_events",1,18,"ticket_scan","2025-07-27 14:30:24+00","{""event"": ""ticket_scan"", ""fan_id"": ""fan_27573"", ""location"": ""Fan Zone East"", ""match_id"": ""jpl-2025-26-01"", ""timestamp"": ""2025-07-27T14:30:24Z""}"
63,"2026-04-11 18:25:02.736057+00","fan_events",1,19,"ticket_scan","2025-07-27 14:30:25+00","{""event"": ""ticket_scan"", ""fan_id"": ""fan_02029"", ""location"": ""Fan Zone East"", ""match_id"": ""jpl-2025-26-01"", ""timestamp"": ""2025-07-27T14:30:25Z""}"
64,"2026-04-11 18:25:03.507451+00","fan_events",1,20,"ticket_scan","2025-07-27 14:30:27+00","{""event"": ""ticket_scan"", ""fan_id"": ""fan_04467"", ""location"": ""Jan Breydel Noord A"", ""match_id"": ""jpl-2025-26-01"", ""timestamp"": ""2025-07-27T14:30:27Z""}"
65,"2026-04-11 18:25:04.190469+00","fan_events",0,26,"ticket_scan","2025-07-27 14:30:27+00","{""event"": ""ticket_scan"", ""fan_id"": ""fan_19912"", ""location"": ""Fan Zone East"", ""match_id"": ""jpl-2025-26-01"", ""timestamp"": ""2025-07-27T14:30:27Z""}"
66,"2026-04-11 18:25:04.920608+00","fan_events",1,21,"merch_purchase","2025-07-27 14:30:28+00","{""item"": ""Handschoenen Touch volw."", ""event"": ""merch_purchase"", ""amount"": 18.33, ""fan_id"": ""fan_24032"", ""location"": ""Jan Breydel Stadium"", ""match_id"": ""jpl-2025-26-01"", ""timestamp"": ""2025-07-27T14:30:28Z""}"
67,"2026-04-11 18:25:05.702272+00","fan_events",1,22,"ticket_scan","2025-07-27 14:30:28+00","{""event"": ""ticket_scan"", ""fan_id"": ""fan_15339"", ""location"": ""Fan Zone East"", ""match_id"": ""jpl-2025-26-01"", ""timestamp"": ""2025-07-27T14:30:28Z""}"
68,"2026-04-11 18:25:05.980014+00","fan_events",1,23,"ticket_scan","2025-07-27 14:30:28+00","{""event"": ""ticket_scan"", ""fan_id"": ""fan_21552"", ""location"": ""Jan Breydel Noord A"", ""match_id"": ""jpl-2025-26-01"", ""timestamp"": ""2025-07-27T14:30:28Z""}"
69,"2026-04-11 18:25:06.769178+00","fan_events",0,27,"ticket_scan","2025-07-27 14:30:28+00","{""event"": ""ticket_scan"", ""fan_id"": ""fan_25372"", ""location"": ""Jan Breydel Zuid B"", ""match_id"": ""jpl-2025-26-01"", ""timestamp"": ""2025-07-27T14:30:28Z""}"
70,"2026-04-11 18:25:07.53265+00","fan_events",2,17,"ticket_scan","2025-07-27 14:30:29+00","{""event"": ""ticket_scan"", ""fan_id"": ""fan_07837"", ""location"": ""Fan Zone East"", ""match_id"": ""jpl-2025-26-01"", ""timestamp"": ""2025-07-27T14:30:29Z""}"
71,"2026-04-11 18:25:07.797749+00","fan_events",1,24,"ticket_scan","2025-07-27 14:30:29+00","{""event"": ""ticket_scan"", ""fan_id"": ""fan_09426"", ""location"": ""Fan Zone East"", ""match_id"": ""jpl-2025-26-01"", ""timestamp"": ""2025-07-27T14:30:29Z""}"
72,"2026-04-11 18:25:08.496098+00","fan_events",0,28,"merch_purchase","2025-07-27 14:30:30+00","{""item"": ""Sjaal No Sweat No Glory"", ""event"": ""merch_purchase"", ""amount"": 27.5, ""fan_id"": ""fan_24998"", ""location"": ""Jan Breydel Stadium"", ""match_id"": ""jpl-2025-26-01"", ""timestamp"": ""2025-07-27T14:30:30Z""}"
73,"2026-04-11 18:25:08.768847+00","fan_events",0,29,"ticket_scan","2025-07-27 14:30:30+00","{""event"": ""ticket_scan"", ""fan_id"": ""fan_05364"", ""location"": ""Fan Zone East"", ""match_id"": ""jpl-2025-26-01"", ""timestamp"": ""2025-07-27T14:30:30Z""}"
74,"2026-04-11 18:25:09.172242+00","fan_events",2,18,"ticket_scan","2025-07-27 14:30:31+00","{""event"": ""ticket_scan"", ""fan_id"": ""fan_15354"", ""location"": ""Tribune 3 Gate 7"", ""match_id"": ""jpl-2025-26-01"", ""timestamp"": ""2025-07-27T14:30:31Z""}"
75,"2026-04-11 18:25:09.618601+00","fan_events",0,30,"ticket_scan","2025-07-27 14:30:31+00","{""event"": ""ticket_scan"", ""fan_id"": ""fan_21209"", ""location"": ""Jan Breydel Noord A"", ""match_id"": ""jpl-2025-26-01"", ""timestamp"": ""2025-07-27T14:30:31Z""}"
76,"2026-04-11 18:25:10.268646+00","fan_events",0,31,"ticket_scan","2025-07-27 14:30:32+00","{""event"": ""ticket_scan"", ""fan_id"": ""fan_03426"", ""location"": ""Tribune 3 Gate 7"", ""match_id"": ""jpl-2025-26-01"", ""timestamp"": ""2025-07-27T14:30:32Z""}"
77,"2026-04-11 18:25:10.831614+00","fan_events",0,32,"ticket_scan","2025-07-27 14:30:33+00","{""event"": ""ticket_scan"", ""fan_id"": ""fan_11588"", ""location"": ""VIP Ingang West"", ""match_id"": ""jpl-2025-26-01"", ""timestamp"": ""2025-07-27T14:30:33Z""}"
78,"2026-04-11 18:25:11.639918+00","fan_events",1,25,"ticket_scan","2025-07-27 14:30:33+00","{""event"": ""ticket_scan"", ""fan_id"": ""fan_20667"", ""location"": ""Fan Zone East"", ""match_id"": ""jpl-2025-26-01"", ""timestamp"": ""2025-07-27T14:30:33Z""}"
79,"2026-04-11 18:25:12.413497+00","fan_events",1,26,"merch_purchase","2025-07-27 14:30:34+00","{""item"": ""Spiegelhanger 25/26"", ""event"": ""merch_purchase"", ""amount"": 17.18, ""fan_id"": ""fan_25407"", ""location"": ""Jan Breydel Stadium"", ""match_id"": ""jpl-2025-26-01"", ""timestamp"": ""2025-07-27T14:30:34Z""}"
80,"2026-04-11 18:25:13.150826+00","fan_events",0,33,"ticket_scan","2025-07-27 14:30:34+00","{""event"": ""ticket_scan"", ""fan_id"": ""fan_13699"", ""location"": ""VIP Ingang West"", ""match_id"": ""jpl-2025-26-01"", ""timestamp"": ""2025-07-27T14:30:34Z""}"
81,"2026-04-11 18:25:13.973692+00","fan_events",0,34,"ticket_scan","2025-07-27 14:30:34+00","{""event"": ""ticket_scan"", ""fan_id"": ""fan_17149"", ""location"": ""Tribune 3 Gate 7"", ""match_id"": ""jpl-2025-26-01"", ""timestamp"": ""2025-07-27T14:30:34Z""}"
82,"2026-04-11 18:25:14.684916+00","fan_events",1,27,"ticket_scan","2025-07-27 14:30:34+00","{""event"": ""ticket_scan"", ""fan_id"": ""fan_27286"", ""location"": ""Jan Breydel Zuid B"", ""match_id"": ""jpl-2025-26-01"", ""timestamp"": ""2025-07-27T14:30:34Z""}"
83,"2026-04-11 18:25:15.226287+00","fan_events",1,28,"ticket_scan","2025-07-27 14:30:36+00","{""event"": ""ticket_scan"", ""fan_id"": ""fan_04848"", ""location"": ""Fan Zone East"", ""match_id"": ""jpl-2025-26-01"", ""timestamp"": ""2025-07-27T14:30:36Z""}"
84,"2026-04-11 18:25:15.837906+00","fan_events",1,29,"ticket_scan","2025-07-27 14:30:36+00","{""event"": ""ticket_scan"", ""fan_id"": ""fan_13222"", ""location"": ""Tribune 3 Gate 7"", ""match_id"": ""jpl-2025-26-01"", ""timestamp"": ""2025-07-27T14:30:36Z""}"
85,"2026-04-11 18:25:16.766067+00","fan_events",2,19,"ticket_scan","2025-07-27 14:30:36+00","{""event"": ""ticket_scan"", ""fan_id"": ""fan_17920"", ""location"": ""Tribune 3 Gate 7"", ""match_id"": ""jpl-2025-26-01"", ""timestamp"": ""2025-07-27T14:30:36Z""}"
86,"2026-04-11 18:25:17.709542+00","fan_events",1,30,"merch_purchase","2025-07-27 14:30:37+00","{""item"": ""Beanie 1891 grijs"", ""event"": ""merch_purchase"", ""amount"": 29.39, ""fan_id"": ""fan_01620"", ""location"": ""Jan Breydel Stadium"", ""match_id"": ""jpl-2025-26-01"", ""timestamp"": ""2025-07-27T14:30:37Z""}"
87,"2026-04-11 18:25:17.964595+00","fan_events",1,31,"ticket_scan","2025-07-27 14:30:37+00","{""event"": ""ticket_scan"", ""fan_id"": ""fan_07684"", ""location"": ""Jan Breydel Zuid B"", ""match_id"": ""jpl-2025-26-01"", ""timestamp"": ""2025-07-27T14:30:37Z""}"
88,"2026-04-11 18:25:18.288699+00","fan_events",2,20,"ticket_scan","2025-07-27 14:30:39+00","{""event"": ""ticket_scan"", ""fan_id"": ""fan_04625"", ""location"": ""Tribune 3 Gate 7"", ""match_id"": ""jpl-2025-26-01"", ""timestamp"": ""2025-07-27T14:30:39Z""}"
89,"2026-04-11 18:25:18.921752+00","fan_events",2,21,"ticket_scan","2025-07-27 14:30:39+00","{""event"": ""ticket_scan"", ""fan_id"": ""fan_04824"", ""location"": ""Fan Zone East"", ""match_id"": ""jpl-2025-26-01"", ""timestamp"": ""2025-07-27T14:30:39Z""}"
90,"2026-04-11 18:25:19.810195+00","fan_events",0,35,"merch_purchase","2025-07-27 14:30:40+00","{""item"": ""Handschoenen Touch volw."", ""event"": ""merch_purchase"", ""amount"": 16.18, ""fan_id"": ""fan_16775"", ""location"": ""Jan Breydel Stadium"", ""match_id"": ""jpl-2025-26-01"", ""timestamp"": ""2025-07-27T14:30:40Z""}"
91,"2026-04-11 18:25:20.104675+00","fan_events",0,36,"ticket_scan","2025-07-27 14:30:40+00","{""event"": ""ticket_scan"", ""fan_id"": ""fan_20881"", ""location"": ""VIP Ingang West"", ""match_id"": ""jpl-2025-26-01"", ""timestamp"": ""2025-07-27T14:30:40Z""}"
92,"2026-04-11 18:25:21.014144+00","fan_events",2,22,"merch_purchase","2025-07-27 14:30:41+00","{""item"": ""Pet 'summer pink'"", ""event"": ""merch_purchase"", ""amount"": 21.98, ""fan_id"": ""fan_11173"", ""location"": ""Jan Breydel Stadium"", ""match_id"": ""jpl-2025-26-01"", ""timestamp"": ""2025-07-27T14:30:41Z""}"
93,"2026-04-11 18:25:21.658274+00","fan_events",0,37,"ticket_scan","2025-07-27 14:30:42+00","{""event"": ""ticket_scan"", ""fan_id"": ""fan_21133"", ""location"": ""VIP Ingang West"", ""match_id"": ""jpl-2025-26-01"", ""timestamp"": ""2025-07-27T14:30:42Z""}"
94,"2026-04-11 18:25:22.135095+00","fan_events",0,38,"ticket_scan","2025-07-27 14:30:43+00","{""event"": ""ticket_scan"", ""fan_id"": ""fan_06329"", ""location"": ""Tribune 3 Gate 7"", ""match_id"": ""jpl-2025-26-01"", ""timestamp"": ""2025-07-27T14:30:43Z""}"
95,"2026-04-11 18:25:22.699632+00","fan_events",1,32,"ticket_scan","2025-07-27 14:30:44+00","{""event"": ""ticket_scan"", ""fan_id"": ""fan_09197"", ""location"": ""Fan Zone East"", ""match_id"": ""jpl-2025-26-01"", ""timestamp"": ""2025-07-27T14:30:44Z""}"
96,"2026-04-11 18:25:23.168487+00","fan_events",0,39,"ticket_scan","2025-07-27 14:30:44+00","{""event"": ""ticket_scan"", ""fan_id"": ""fan_17461"", ""location"": ""Tribune 3 Gate 7"", ""match_id"": ""jpl-2025-26-01"", ""timestamp"": ""2025-07-27T14:30:44Z""}"
97,"2026-04-11 18:25:24.104292+00","fan_events",2,23,"ticket_scan","2025-07-27 14:30:44+00","{""event"": ""ticket_scan"", ""fan_id"": ""fan_26397"", ""location"": ""Fan Zone East"", ""match_id"": ""jpl-2025-26-01"", ""timestamp"": ""2025-07-27T14:30:44Z""}"
98,"2026-04-11 18:25:25.002165+00","fan_events",0,40,"ticket_scan","2025-07-27 14:30:46+00","{""event"": ""ticket_scan"", ""fan_id"": ""fan_12453"", ""location"": ""Jan Breydel Noord A"", ""match_id"": ""jpl-2025-26-01"", ""timestamp"": ""2025-07-27T14:30:46Z""}"
99,"2026-04-11 18:25:25.733598+00","fan_events",0,41,"merch_purchase","2025-07-27 14:30:47+00","{""item"": ""Sjaal No Sweat No Glory"", ""event"": ""merch_purchase"", ""amount"": 28.54, ""fan_id"": ""fan_05946"", ""location"": ""Jan Breydel Stadium"", ""match_id"": ""jpl-2025-26-01"", ""timestamp"": ""2025-07-27T14:30:47Z""}"
100,"2026-04-11 18:25:26.435728+00","fan_events",1,33,"ticket_scan","2025-07-27 14:30:47+00","{""event"": ""ticket_scan"", ""fan_id"": ""fan_04298"", ""location"": ""Fan Zone East"", ""match_id"": ""jpl-2025-26-01"", ""timestamp"": ""2025-07-27T14:30:47Z""}"
101,"2026-04-11 18:25:27.268991+00","fan_events",1,34,"ticket_scan","2025-07-27 14:30:47+00","{""event"": ""ticket_scan"", ""fan_id"": ""fan_04442"", ""location"": ""Tribune 3 Gate 7"", ""match_id"": ""jpl-2025-26-01"", ""timestamp"": ""2025-07-27T14:30:47Z""}"
102,"2026-04-11 18:25:28.050137+00","fan_events",0,42,"ticket_scan","2025-07-27 14:30:47+00","{""event"": ""ticket_scan"", ""fan_id"": ""fan_07444"", ""location"": ""Jan Breydel Zuid B"", ""match_id"": ""jpl-2025-26-01"", ""timestamp"": ""2025-07-27T14:30:47Z""}"
103,"2026-04-11 18:25:28.717553+00","fan_events",1,35,"ticket_scan","2025-07-27 14:30:49+00","{""event"": ""ticket_scan"", ""fan_id"": ""fan_21578"", ""location"": ""Tribune 3 Gate 7"", ""match_id"": ""jpl-2025-26-01"", ""timestamp"": ""2025-07-27T14:30:49Z""}"
104,"2026-04-11 18:25:29.055637+00","fan_events",0,43,"ticket_scan","2025-07-27 14:30:49+00","{""event"": ""ticket_scan"", ""fan_id"": ""fan_26490"", ""location"": ""Jan Breydel Zuid B"", ""match_id"": ""jpl-2025-26-01"", ""timestamp"": ""2025-07-27T14:30:49Z""}"
105,"2026-04-11 18:25:29.432261+00","fan_events",0,44,"ticket_scan","2025-07-27 14:30:49+00","{""event"": ""ticket_scan"", ""fan_id"": ""fan_27102"", ""location"": ""Tribune 3 Gate 7"", ""match_id"": ""jpl-2025-26-01"", ""timestamp"": ""2025-07-27T14:30:49Z""}"
106,"2026-04-11 18:25:29.811247+00","fan_events",2,24,"ticket_scan","2025-07-27 14:30:50+00","{""event"": ""ticket_scan"", ""fan_id"": ""fan_11601"", ""location"": ""VIP Ingang West"", ""match_id"": ""jpl-2025-26-01"", ""timestamp"": ""2025-07-27T14:30:50Z""}"
107,"2026-04-11 18:25:30.063374+00","fan_events",1,36,"ticket_scan","2025-07-27 14:30:50+00","{""event"": ""ticket_scan"", ""fan_id"": ""fan_25403"", ""location"": ""Jan Breydel Noord A"", ""match_id"": ""jpl-2025-26-01"", ""timestamp"": ""2025-07-27T14:30:50Z""}"
108,"2026-04-11 18:25:30.94216+00","fan_events",2,25,"ticket_scan","2025-07-27 14:30:51+00","{""event"": ""ticket_scan"", ""fan_id"": ""fan_15714"", ""location"": ""Tribune 3 Gate 7"", ""match_id"": ""jpl-2025-26-01"", ""timestamp"": ""2025-07-27T14:30:51Z""}"
109,"2026-04-11 18:25:31.776137+00","fan_events",0,45,"ticket_scan","2025-07-27 14:30:52+00","{""event"": ""ticket_scan"", ""fan_id"": ""fan_06356"", ""location"": ""Tribune 3 Gate 7"", ""match_id"": ""jpl-2025-26-01"", ""timestamp"": ""2025-07-27T14:30:52Z""}"
110,"2026-04-11 18:25:32.733536+00","fan_events",2,26,"ticket_scan","2025-07-27 14:30:52+00","{""event"": ""ticket_scan"", ""fan_id"": ""fan_19962"", ""location"": ""VIP Ingang West"", ""match_id"": ""jpl-2025-26-01"", ""timestamp"": ""2025-07-27T14:30:52Z""}"
111,"2026-04-11 18:25:32.991993+00","fan_events",1,37,"ticket_scan","2025-07-27 14:30:52+00","{""event"": ""ticket_scan"", ""fan_id"": ""fan_22734"", ""location"": ""Fan Zone East"", ""match_id"": ""jpl-2025-26-01"", ""timestamp"": ""2025-07-27T14:30:52Z""}"
112,"2026-04-11 18:25:33.827883+00","fan_events",1,38,"ticket_scan","2025-07-27 14:30:53+00","{""event"": ""ticket_scan"", ""fan_id"": ""fan_27742"", ""location"": ""VIP Ingang West"", ""match_id"": ""jpl-2025-26-01"", ""timestamp"": ""2025-07-27T14:30:53Z""}"
113,"2026-04-11 18:25:34.765864+00","fan_events",0,46,"ticket_scan","2025-07-27 14:30:54+00","{""event"": ""ticket_scan"", ""fan_id"": ""fan_00486"", ""location"": ""Tribune 3 Gate 7"", ""match_id"": ""jpl-2025-26-01"", ""timestamp"": ""2025-07-27T14:30:54Z""}"
114,"2026-04-11 18:25:35.538465+00","fan_events",2,27,"ticket_scan","2025-07-27 14:30:54+00","{""event"": ""ticket_scan"", ""fan_id"": ""fan_12557"", ""location"": ""Tribune 3 Gate 7"", ""match_id"": ""jpl-2025-26-01"", ""timestamp"": ""2025-07-27T14:30:54Z""}"
115,"2026-04-11 18:25:36.171033+00","fan_events",2,28,"ticket_scan","2025-07-27 14:30:54+00","{""event"": ""ticket_scan"", ""fan_id"": ""fan_24841"", ""location"": ""VIP Ingang West"", ""match_id"": ""jpl-2025-26-01"", ""timestamp"": ""2025-07-27T14:30:54Z""}"
116,"2026-04-11 18:25:36.450036+00","fan_events",0,47,"ticket_scan","2025-07-27 14:30:55+00","{""event"": ""ticket_scan"", ""fan_id"": ""fan_06146"", ""location"": ""Tribune 3 Gate 7"", ""match_id"": ""jpl-2025-26-01"", ""timestamp"": ""2025-07-27T14:30:55Z""}"
117,"2026-04-11 18:25:36.879688+00","fan_events",1,39,"ticket_scan","2025-07-27 14:30:55+00","{""event"": ""ticket_scan"", ""fan_id"": ""fan_09393"", ""location"": ""Jan Breydel Zuid B"", ""match_id"": ""jpl-2025-26-01"", ""timestamp"": ""2025-07-27T14:30:55Z""}"
118,"2026-04-11 18:25:37.363683+00","fan_events",0,48,"ticket_scan","2025-07-27 14:30:55+00","{""event"": ""ticket_scan"", ""fan_id"": ""fan_21127"", ""location"": ""Jan Breydel Zuid B"", ""match_id"": ""jpl-2025-26-01"", ""timestamp"": ""2025-07-27T14:30:55Z""}"
119,"2026-04-11 18:25:38.170888+00","fan_events",2,29,"ticket_scan","2025-07-27 14:30:55+00","{""event"": ""ticket_scan"", ""fan_id"": ""fan_28787"", ""location"": ""Tribune 3 Gate 7"", ""match_id"": ""jpl-2025-26-01"", ""timestamp"": ""2025-07-27T14:30:55Z""}"
120,"2026-04-11 18:25:39.009091+00","fan_events",1,40,"ticket_scan","2025-07-27 14:30:56+00","{""event"": ""ticket_scan"", ""fan_id"": ""fan_10439"", ""location"": ""Fan Zone East"", ""match_id"": ""jpl-2025-26-01"", ""timestamp"": ""2025-07-27T14:30:56Z""}"
121,"2026-04-11 18:25:39.287085+00","fan_events",0,49,"ticket_scan","2025-07-27 14:30:56+00","{""event"": ""ticket_scan"", ""fan_id"": ""fan_16899"", ""location"": ""Jan Breydel Zuid B"", ""match_id"": ""jpl-2025-26-01"", ""timestamp"": ""2025-07-27T14:30:56Z""}"
122,"2026-04-11 18:25:39.711958+00","fan_events",2,30,"ticket_scan","2025-07-27 14:30:56+00","{""event"": ""ticket_scan"", ""fan_id"": ""fan_20524"", ""location"": ""VIP Ingang West"", ""match_id"": ""jpl-2025-26-01"", ""timestamp"": ""2025-07-27T14:30:56Z""}"
123,"2026-04-11 18:25:40.087292+00","fan_events",0,50,"ticket_scan","2025-07-27 14:30:56+00","{""event"": ""ticket_scan"", ""fan_id"": ""fan_27366"", ""location"": ""Tribune 3 Gate 7"", ""match_id"": ""jpl-2025-26-01"", ""timestamp"": ""2025-07-27T14:30:56Z""}"
124,"2026-04-11 18:25:40.925541+00","fan_events",0,51,"ticket_scan","2025-07-27 14:30:57+00","{""event"": ""ticket_scan"", ""fan_id"": ""fan_08592"", ""location"": ""Tribune 3 Gate 7"", ""match_id"": ""jpl-2025-26-01"", ""timestamp"": ""2025-07-27T14:30:57Z""}"
125,"2026-04-11 18:25:41.323631+00","fan_events",0,52,"ticket_scan","2025-07-27 14:30:57+00","{""event"": ""ticket_scan"", ""fan_id"": ""fan_10218"", ""location"": ""VIP Ingang West"", ""match_id"": ""jpl-2025-26-01"", ""timestamp"": ""2025-07-27T14:30:57Z""}"
126,"2026-04-11 18:25:41.651507+00","fan_events",2,31,"ticket_scan","2025-07-27 14:30:57+00","{""event"": ""ticket_scan"", ""fan_id"": ""fan_19291"", ""location"": ""Tribune 3 Gate 7"", ""match_id"": ""jpl-2025-26-01"", ""timestamp"": ""2025-07-27T14:30:57Z""}"
127,"2026-04-11 18:25:41.924016+00","fan_events",1,41,"ticket_scan","2025-07-27 14:30:57+00","{""event"": ""ticket_scan"", ""fan_id"": ""fan_19342"", ""location"": ""Tribune 3 Gate 7"", ""match_id"": ""jpl-2025-26-01"", ""timestamp"": ""2025-07-27T14:30:57Z""}"
128,"2026-04-11 18:25:42.640344+00","fan_events",2,32,"ticket_scan","2025-07-27 14:30:57+00","{""event"": ""ticket_scan"", ""fan_id"": ""fan_28840"", ""location"": ""Jan Breydel Zuid B"", ""match_id"": ""jpl-2025-26-01"", ""timestamp"": ""2025-07-27T14:30:57Z""}"
129,"2026-04-11 18:25:43.530111+00","fan_events",1,42,"merch_purchase","2025-07-27 14:30:58+00","{""item"": ""Sjaal You'll never walk alone"", ""event"": ""merch_purchase"", ""amount"": 27.11, ""fan_id"": ""fan_18378"", ""location"": ""Jan Breydel Stadium"", ""match_id"": ""jpl-2025-26-01"", ""timestamp"": ""2025-07-27T14:30:58Z""}"
130,"2026-04-11 18:25:44.238634+00","fan_events",2,33,"ticket_scan","2025-07-27 14:30:58+00","{""event"": ""ticket_scan"", ""fan_id"": ""fan_04354"", ""location"": ""Fan Zone East"", ""match_id"": ""jpl-2025-26-01"", ""timestamp"": ""2025-07-27T14:30:58Z""}"
131,"2026-04-11 18:25:45.191218+00","fan_events",0,53,"ticket_scan","2025-07-27 14:30:58+00","{""event"": ""ticket_scan"", ""fan_id"": ""fan_11183"", ""location"": ""Jan Breydel Zuid B"", ""match_id"": ""jpl-2025-26-01"", ""timestamp"": ""2025-07-27T14:30:58Z""}"
132,"2026-04-11 18:25:45.994143+00","fan_events",2,34,"ticket_scan","2025-07-27 14:31:00+00","{""event"": ""ticket_scan"", ""fan_id"": ""fan_12896"", ""location"": ""Fan Zone East"", ""match_id"": ""jpl-2025-26-01"", ""timestamp"": ""2025-07-27T14:31:00Z""}"
133,"2026-04-11 18:25:46.793991+00","fan_events",2,35,"ticket_scan","2025-07-27 14:31:00+00","{""event"": ""ticket_scan"", ""fan_id"": ""fan_20677"", ""location"": ""Tribune 3 Gate 7"", ""match_id"": ""jpl-2025-26-01"", ""timestamp"": ""2025-07-27T14:31:00Z""}"
134,"2026-04-11 18:25:47.05085+00","fan_events",1,43,"merch_purchase","2025-07-27 14:31:01+00","{""item"": ""Sjaal Bayern Munchen - Club Brugge"", ""event"": ""merch_purchase"", ""amount"": 41.36, ""fan_id"": ""fan_01662"", ""location"": ""Jan Breydel Stadium"", ""match_id"": ""jpl-2025-26-01"", ""timestamp"": ""2025-07-27T14:31:01Z""}"
135,"2026-04-11 18:25:47.565602+00","fan_events",1,44,"merch_purchase","2025-07-27 14:31:01+00","{""item"": ""Sleutelhanger Beer 10cm"", ""event"": ""merch_purchase"", ""amount"": 8.5, ""fan_id"": ""fan_11680"", ""location"": ""Jan Breydel Stadium"", ""match_id"": ""jpl-2025-26-01"", ""timestamp"": ""2025-07-27T14:31:01Z""}"
136,"2026-04-11 18:25:48.099898+00","fan_events",1,45,"ticket_scan","2025-07-27 14:31:01+00","{""event"": ""ticket_scan"", ""fan_id"": ""fan_06021"", ""location"": ""Jan Breydel Zuid B"", ""match_id"": ""jpl-2025-26-01"", ""timestamp"": ""2025-07-27T14:31:01Z""}"
137,"2026-04-11 18:25:48.997988+00","fan_events",1,46,"ticket_scan","2025-07-27 14:31:01+00","{""event"": ""ticket_scan"", ""fan_id"": ""fan_10869"", ""location"": ""VIP Ingang West"", ""match_id"": ""jpl-2025-26-01"", ""timestamp"": ""2025-07-27T14:31:01Z""}"
138,"2026-04-11 18:25:49.945848+00","fan_events",2,36,"ticket_scan","2025-07-27 14:31:01+00","{""event"": ""ticket_scan"", ""fan_id"": ""fan_24283"", ""location"": ""Jan Breydel Noord A"", ""match_id"": ""jpl-2025-26-01"", ""timestamp"": ""2025-07-27T14:31:01Z""}"
139,"2026-04-11 18:25:50.743887+00","fan_events",0,54,"ticket_scan","2025-07-27 14:31:01+00","{""event"": ""ticket_scan"", ""fan_id"": ""fan_25355"", ""location"": ""Jan Breydel Noord A"", ""match_id"": ""jpl-2025-26-01"", ""timestamp"": ""2025-07-27T14:31:01Z""}"
140,"2026-04-11 18:25:51.291581+00","fan_events",0,55,"ticket_scan","2025-07-27 14:31:02+00","{""event"": ""ticket_scan"", ""fan_id"": ""fan_03820"", ""location"": ""Jan Breydel Noord A"", ""match_id"": ""jpl-2025-26-01"", ""timestamp"": ""2025-07-27T14:31:02Z""}"
141,"2026-04-11 18:25:51.915638+00","fan_events",1,47,"merch_purchase","2025-07-27 14:31:03+00","{""item"": ""Retro Sjaal Assubel"", ""event"": ""merch_purchase"", ""amount"": 36.84, ""fan_id"": ""fan_02125"", ""location"": ""Jan Breydel Stadium"", ""match_id"": ""jpl-2025-26-01"", ""timestamp"": ""2025-07-27T14:31:03Z""}"
142,"2026-04-11 18:25:52.540165+00","fan_events",2,37,"merch_purchase","2025-07-27 14:31:05+00","{""item"": ""Pet basic black"", ""event"": ""merch_purchase"", ""amount"": 20.85, ""fan_id"": ""fan_28568"", ""location"": ""Jan Breydel Stadium"", ""match_id"": ""jpl-2025-26-01"", ""timestamp"": ""2025-07-27T14:31:05Z""}"
143,"2026-04-11 18:25:52.84822+00","fan_events",1,48,"merch_purchase","2025-07-27 14:31:05+00","{""item"": ""Beanie 1891 grijs"", ""event"": ""merch_purchase"", ""amount"": 30.14, ""fan_id"": ""fan_21991"", ""location"": ""Jan Breydel Stadium"", ""match_id"": ""jpl-2025-26-01"", ""timestamp"": ""2025-07-27T14:31:05Z""}"
144,"2026-04-11 18:25:53.107943+00","fan_events",0,56,"ticket_scan","2025-07-27 14:31:05+00","{""event"": ""ticket_scan"", ""fan_id"": ""fan_17441"", ""location"": ""Jan Breydel Noord A"", ""match_id"": ""jpl-2025-26-01"", ""timestamp"": ""2025-07-27T14:31:05Z""}"
145,"2026-04-11 18:25:53.421474+00","fan_events",2,38,"merch_purchase","2025-07-27 14:31:06+00","{""item"": ""Sjaal Club Brugge - FC Barcelona"", ""event"": ""merch_purchase"", ""amount"": 38.22, ""fan_id"": ""fan_03248"", ""location"": ""Jan Breydel Stadium"", ""match_id"": ""jpl-2025-26-01"", ""timestamp"": ""2025-07-27T14:31:06Z""}"
146,"2026-04-11 18:25:54.010688+00","fan_events",2,39,"ticket_scan","2025-07-27 14:31:06+00","{""event"": ""ticket_scan"", ""fan_id"": ""fan_00105"", ""location"": ""Fan Zone East"", ""match_id"": ""jpl-2025-26-01"", ""timestamp"": ""2025-07-27T14:31:06Z""}"
147,"2026-04-11 18:25:54.285151+00","fan_events",0,57,"ticket_scan","2025-07-27 14:31:06+00","{""event"": ""ticket_scan"", ""fan_id"": ""fan_03347"", ""location"": ""VIP Ingang West"", ""match_id"": ""jpl-2025-26-01"", ""timestamp"": ""2025-07-27T14:31:06Z""}"
148,"2026-04-11 18:25:54.628436+00","fan_events",2,40,"ticket_scan","2025-07-27 14:31:06+00","{""event"": ""ticket_scan"", ""fan_id"": ""fan_21659"", ""location"": ""Tribune 3 Gate 7"", ""match_id"": ""jpl-2025-26-01"", ""timestamp"": ""2025-07-27T14:31:06Z""}"
149,"2026-04-11 18:25:55.586703+00","fan_events",1,49,"ticket_scan","2025-07-27 14:31:06+00","{""event"": ""ticket_scan"", ""fan_id"": ""fan_28885"", ""location"": ""Tribune 3 Gate 7"", ""match_id"": ""jpl-2025-26-01"", ""timestamp"": ""2025-07-27T14:31:06Z""}"
150,"2026-04-11 18:25:56.378085+00","fan_events",1,50,"ticket_scan","2025-07-27 14:31:07+00","{""event"": ""ticket_scan"", ""fan_id"": ""fan_02441"", ""location"": ""Jan Breydel Noord A"", ""match_id"": ""jpl-2025-26-01"", ""timestamp"": ""2025-07-27T14:31:07Z""}"
151,"2026-04-11 18:25:56.659962+00","fan_events",2,41,"ticket_scan","2025-07-27 14:31:07+00","{""event"": ""ticket_scan"", ""fan_id"": ""fan_19169"", ""location"": ""Fan Zone East"", ""match_id"": ""jpl-2025-26-01"", ""timestamp"": ""2025-07-27T14:31:07Z""}"
152,"2026-04-11 18:25:57.275116+00","fan_events",1,51,"ticket_scan","2025-07-27 14:31:08+00","{""event"": ""ticket_scan"", ""fan_id"": ""fan_22693"", ""location"": ""Fan Zone East"", ""match_id"": ""jpl-2025-26-01"", ""timestamp"": ""2025-07-27T14:31:08Z""}"
153,"2026-04-11 18:25:57.692675+00","fan_events",1,52,"ticket_scan","2025-07-27 14:31:09+00","{""event"": ""ticket_scan"", ""fan_id"": ""fan_16459"", ""location"": ""Jan Breydel Noord A"", ""match_id"": ""jpl-2025-26-01"", ""timestamp"": ""2025-07-27T14:31:09Z""}"
154,"2026-04-11 18:25:58.214593+00","fan_events",1,53,"ticket_scan","2025-07-27 14:31:09+00","{""event"": ""ticket_scan"", ""fan_id"": ""fan_21631"", ""location"": ""Jan Breydel Zuid B"", ""match_id"": ""jpl-2025-26-01"", ""timestamp"": ""2025-07-27T14:31:09Z""}"
155,"2026-04-11 18:25:58.508447+00","fan_events",0,58,"merch_purchase","2025-07-27 14:31:10+00","{""item"": ""Sjaal Bayern Munchen - Club Brugge"", ""event"": ""merch_purchase"", ""amount"": 43.78, ""fan_id"": ""fan_23986"", ""location"": ""Jan Breydel Stadium"", ""match_id"": ""jpl-2025-26-01"", ""timestamp"": ""2025-07-27T14:31:10Z""}"
156,"2026-04-11 18:25:59.346787+00","fan_events",2,42,"ticket_scan","2025-07-27 14:31:11+00","{""event"": ""ticket_scan"", ""fan_id"": ""fan_11629"", ""location"": ""Tribune 3 Gate 7"", ""match_id"": ""jpl-2025-26-01"", ""timestamp"": ""2025-07-27T14:31:11Z""}"
157,"2026-04-11 18:26:00.041072+00","fan_events",0,59,"ticket_scan","2025-07-27 14:31:11+00","{""event"": ""ticket_scan"", ""fan_id"": ""fan_15230"", ""location"": ""Fan Zone East"", ""match_id"": ""jpl-2025-26-01"", ""timestamp"": ""2025-07-27T14:31:11Z""}"
158,"2026-04-11 18:26:00.57505+00","fan_events",0,60,"merch_purchase","2025-07-27 14:31:12+00","{""item"": ""Pet basic black"", ""event"": ""merch_purchase"", ""amount"": 20.27, ""fan_id"": ""fan_09634"", ""location"": ""Jan Breydel Stadium"", ""match_id"": ""jpl-2025-26-01"", ""timestamp"": ""2025-07-27T14:31:12Z""}"
159,"2026-04-11 18:26:01.236671+00","fan_events",0,61,"ticket_scan","2025-07-27 14:31:12+00","{""event"": ""ticket_scan"", ""fan_id"": ""fan_01502"", ""location"": ""Fan Zone East"", ""match_id"": ""jpl-2025-26-01"", ""timestamp"": ""2025-07-27T14:31:12Z""}"
160,"2026-04-11 18:26:01.495215+00","fan_events",2,43,"ticket_scan","2025-07-27 14:31:12+00","{""event"": ""ticket_scan"", ""fan_id"": ""fan_12849"", ""location"": ""Fan Zone East"", ""match_id"": ""jpl-2025-26-01"", ""timestamp"": ""2025-07-27T14:31:12Z""}"
161,"2026-04-11 18:26:01.981463+00","fan_events",0,62,"ticket_scan","2025-07-27 14:31:13+00","{""event"": ""ticket_scan"", ""fan_id"": ""fan_07978"", ""location"": ""Jan Breydel Zuid B"", ""match_id"": ""jpl-2025-26-01"", ""timestamp"": ""2025-07-27T14:31:13Z""}"
162,"2026-04-11 18:26:02.63154+00","fan_events",2,44,"ticket_scan","2025-07-27 14:31:13+00","{""event"": ""ticket_scan"", ""fan_id"": ""fan_11852"", ""location"": ""Jan Breydel Noord A"", ""match_id"": ""jpl-2025-26-01"", ""timestamp"": ""2025-07-27T14:31:13Z""}"
163,"2026-04-11 18:26:03.227409+00","fan_events",1,54,"ticket_scan","2025-07-27 14:31:13+00","{""event"": ""ticket_scan"", ""fan_id"": ""fan_22056"", ""location"": ""Fan Zone East"", ""match_id"": ""jpl-2025-26-01"", ""timestamp"": ""2025-07-27T14:31:13Z""}"
164,"2026-04-11 18:26:03.742062+00","fan_events",0,63,"ticket_scan","2025-07-27 14:31:13+00","{""event"": ""ticket_scan"", ""fan_id"": ""fan_26579"", ""location"": ""Jan Breydel Zuid B"", ""match_id"": ""jpl-2025-26-01"", ""timestamp"": ""2025-07-27T14:31:13Z""}"
165,"2026-04-11 18:26:04.305159+00","fan_events",1,55,"ticket_scan","2025-07-27 14:31:15+00","{""event"": ""ticket_scan"", ""fan_id"": ""fan_01817"", ""location"": ""VIP Ingang West"", ""match_id"": ""jpl-2025-26-01"", ""timestamp"": ""2025-07-27T14:31:15Z""}"
166,"2026-04-11 18:26:05.117877+00","fan_events",0,64,"ticket_scan","2025-07-27 14:31:15+00","{""event"": ""ticket_scan"", ""fan_id"": ""fan_24503"", ""location"": ""Jan Breydel Noord A"", ""match_id"": ""jpl-2025-26-01"", ""timestamp"": ""2025-07-27T14:31:15Z""}"
167,"2026-04-11 18:26:05.665082+00","fan_events",1,56,"merch_purchase","2025-07-27 14:31:17+00","{""item"": ""Sjaal Bayern Munchen - Club Brugge"", ""event"": ""merch_purchase"", ""amount"": 41.47, ""fan_id"": ""fan_19068"", ""location"": ""Jan Breydel Stadium"", ""match_id"": ""jpl-2025-26-01"", ""timestamp"": ""2025-07-27T14:31:17Z""}"
168,"2026-04-11 18:26:06.517865+00","fan_events",1,57,"ticket_scan","2025-07-27 14:31:18+00","{""event"": ""ticket_scan"", ""fan_id"": ""fan_13066"", ""location"": ""Tribune 3 Gate 7"", ""match_id"": ""jpl-2025-26-01"", ""timestamp"": ""2025-07-27T14:31:18Z""}"
169,"2026-04-11 18:26:06.949458+00","fan_events",1,58,"merch_purchase","2025-07-27 14:31:19+00","{""item"": ""Sjaal Bayern Munchen - Club Brugge"", ""event"": ""merch_purchase"", ""amount"": 36.67, ""fan_id"": ""fan_15022"", ""location"": ""Jan Breydel Stadium"", ""match_id"": ""jpl-2025-26-01"", ""timestamp"": ""2025-07-27T14:31:19Z""}"
170,"2026-04-11 18:26:07.68793+00","fan_events",1,59,"ticket_scan","2025-07-27 14:31:19+00","{""event"": ""ticket_scan"", ""fan_id"": ""fan_04469"", ""location"": ""Tribune 3 Gate 7"", ""match_id"": ""jpl-2025-26-01"", ""timestamp"": ""2025-07-27T14:31:19Z""}"
171,"2026-04-11 18:26:08.318494+00","fan_events",1,60,"ticket_scan","2025-07-27 14:31:19+00","{""event"": ""ticket_scan"", ""fan_id"": ""fan_20781"", ""location"": ""Jan Breydel Zuid B"", ""match_id"": ""jpl-2025-26-01"", ""timestamp"": ""2025-07-27T14:31:19Z""}"
172,"2026-04-11 18:26:09.169722+00","fan_events",1,61,"ticket_scan","2025-07-27 14:31:19+00","{""event"": ""ticket_scan"", ""fan_id"": ""fan_20802"", ""location"": ""Jan Breydel Noord A"", ""match_id"": ""jpl-2025-26-01"", ""timestamp"": ""2025-07-27T14:31:19Z""}"
173,"2026-04-11 18:26:10.14315+00","fan_events",2,45,"ticket_scan","2025-07-27 14:31:19+00","{""event"": ""ticket_scan"", ""fan_id"": ""fan_24348"", ""location"": ""Jan Breydel Zuid B"", ""match_id"": ""jpl-2025-26-01"", ""timestamp"": ""2025-07-27T14:31:19Z""}"
174,"2026-04-11 18:26:10.661315+00","fan_events",1,62,"merch_purchase","2025-07-27 14:31:20+00","{""item"": ""Beanie 1891 navy"", ""event"": ""merch_purchase"", ""amount"": 32.43, ""fan_id"": ""fan_04902"", ""location"": ""Jan Breydel Stadium"", ""match_id"": ""jpl-2025-26-01"", ""timestamp"": ""2025-07-27T14:31:20Z""}"
175,"2026-04-11 18:26:11.497578+00","fan_events",1,63,"ticket_scan","2025-07-27 14:31:20+00","{""event"": ""ticket_scan"", ""fan_id"": ""fan_00276"", ""location"": ""Fan Zone East"", ""match_id"": ""jpl-2025-26-01"", ""timestamp"": ""2025-07-27T14:31:20Z""}"
176,"2026-04-11 18:26:12.443144+00","fan_events",2,46,"ticket_scan","2025-07-27 14:31:20+00","{""event"": ""ticket_scan"", ""fan_id"": ""fan_09423"", ""location"": ""Tribune 3 Gate 7"", ""match_id"": ""jpl-2025-26-01"", ""timestamp"": ""2025-07-27T14:31:20Z""}"
177,"2026-04-11 18:26:13.059079+00","fan_events",2,47,"ticket_scan","2025-07-27 14:31:21+00","{""event"": ""ticket_scan"", ""fan_id"": ""fan_07917"", ""location"": ""Tribune 3 Gate 7"", ""match_id"": ""jpl-2025-26-01"", ""timestamp"": ""2025-07-27T14:31:21Z""}"
178,"2026-04-11 18:26:13.422079+00","fan_events",2,48,"ticket_scan","2025-07-27 14:31:21+00","{""event"": ""ticket_scan"", ""fan_id"": ""fan_16749"", ""location"": ""Jan Breydel Zuid B"", ""match_id"": ""jpl-2025-26-01"", ""timestamp"": ""2025-07-27T14:31:21Z""}"
179,"2026-04-11 18:26:13.803394+00","fan_events",0,65,"ticket_scan","2025-07-27 14:31:22+00","{""event"": ""ticket_scan"", ""fan_id"": ""fan_01776"", ""location"": ""Tribune 3 Gate 7"", ""match_id"": ""jpl-2025-26-01"", ""timestamp"": ""2025-07-27T14:31:22Z""}"
180,"2026-04-11 18:26:14.570976+00","fan_events",1,64,"ticket_scan","2025-07-27 14:31:23+00","{""event"": ""ticket_scan"", ""fan_id"": ""fan_07571"", ""location"": ""Jan Breydel Zuid B"", ""match_id"": ""jpl-2025-26-01"", ""timestamp"": ""2025-07-27T14:31:23Z""}"
181,"2026-04-11 18:26:15.333418+00","fan_events",1,65,"ticket_scan","2025-07-27 14:31:23+00","{""event"": ""ticket_scan"", ""fan_id"": ""fan_26287"", ""location"": ""Jan Breydel Zuid B"", ""match_id"": ""jpl-2025-26-01"", ""timestamp"": ""2025-07-27T14:31:23Z""}"
182,"2026-04-11 18:26:15.947866+00","fan_events",2,49,"ticket_scan","2025-07-27 14:31:24+00","{""event"": ""ticket_scan"", ""fan_id"": ""fan_02926"", ""location"": ""Jan Breydel Zuid B"", ""match_id"": ""jpl-2025-26-01"", ""timestamp"": ""2025-07-27T14:31:24Z""}"
183,"2026-04-11 18:26:16.908343+00","fan_events",0,66,"ticket_scan","2025-07-27 14:31:24+00","{""event"": ""ticket_scan"", ""fan_id"": ""fan_04563"", ""location"": ""VIP Ingang West"", ""match_id"": ""jpl-2025-26-01"", ""timestamp"": ""2025-07-27T14:31:24Z""}"
184,"2026-04-11 18:26:17.324512+00","fan_events",2,50,"ticket_scan","2025-07-27 14:31:24+00","{""event"": ""ticket_scan"", ""fan_id"": ""fan_11308"", ""location"": ""Jan Breydel Zuid B"", ""match_id"": ""jpl-2025-26-01"", ""timestamp"": ""2025-07-27T14:31:24Z""}"
185,"2026-04-11 18:26:17.592735+00","fan_events",2,51,"ticket_scan","2025-07-27 14:31:24+00","{""event"": ""ticket_scan"", ""fan_id"": ""fan_17235"", ""location"": ""VIP Ingang West"", ""match_id"": ""jpl-2025-26-01"", ""timestamp"": ""2025-07-27T14:31:24Z""}"
186,"2026-04-11 18:26:18.36982+00","fan_events",0,67,"ticket_scan","2025-07-27 14:31:24+00","{""event"": ""ticket_scan"", ""fan_id"": ""fan_27564"", ""location"": ""Tribune 3 Gate 7"", ""match_id"": ""jpl-2025-26-01"", ""timestamp"": ""2025-07-27T14:31:24Z""}"
187,"2026-04-11 18:26:19.145082+00","fan_events",2,52,"ticket_scan","2025-07-27 14:31:25+00","{""event"": ""ticket_scan"", ""fan_id"": ""fan_08777"", ""location"": ""Jan Breydel Zuid B"", ""match_id"": ""jpl-2025-26-01"", ""timestamp"": ""2025-07-27T14:31:25Z""}"
188,"2026-04-11 18:26:20.079476+00","fan_events",2,53,"merch_purchase","2025-07-27 14:31:26+00","{""item"": ""Pet 'summer pink'"", ""event"": ""merch_purchase"", ""amount"": 21.89, ""fan_id"": ""fan_06320"", ""location"": ""Jan Breydel Stadium"", ""match_id"": ""jpl-2025-26-01"", ""timestamp"": ""2025-07-27T14:31:26Z""}"
189,"2026-04-11 18:26:20.412327+00","fan_events",2,54,"ticket_scan","2025-07-27 14:31:26+00","{""event"": ""ticket_scan"", ""fan_id"": ""fan_05626"", ""location"": ""Jan Breydel Zuid B"", ""match_id"": ""jpl-2025-26-01"", ""timestamp"": ""2025-07-27T14:31:26Z""}"
190,"2026-04-11 18:26:21.038935+00","fan_events",1,66,"ticket_scan","2025-07-27 14:31:26+00","{""event"": ""ticket_scan"", ""fan_id"": ""fan_25424"", ""location"": ""Tribune 3 Gate 7"", ""match_id"": ""jpl-2025-26-01"", ""timestamp"": ""2025-07-27T14:31:26Z""}"
191,"2026-04-11 18:26:21.772993+00","fan_events",2,55,"ticket_scan","2025-07-27 14:31:27+00","{""event"": ""ticket_scan"", ""fan_id"": ""fan_05690"", ""location"": ""Tribune 3 Gate 7"", ""match_id"": ""jpl-2025-26-01"", ""timestamp"": ""2025-07-27T14:31:27Z""}"
192,"2026-04-11 18:26:22.698936+00","fan_events",1,67,"ticket_scan","2025-07-27 14:31:27+00","{""event"": ""ticket_scan"", ""fan_id"": ""fan_16670"", ""location"": ""Tribune 3 Gate 7"", ""match_id"": ""jpl-2025-26-01"", ""timestamp"": ""2025-07-27T14:31:27Z""}"
193,"2026-04-11 18:26:23.111993+00","fan_events",1,68,"merch_purchase","2025-07-27 14:31:28+00","{""item"": ""Sjaal Bayern Munchen - Club Brugge"", ""event"": ""merch_purchase"", ""amount"": 38.58, ""fan_id"": ""fan_16669"", ""location"": ""Jan Breydel Stadium"", ""match_id"": ""jpl-2025-26-01"", ""timestamp"": ""2025-07-27T14:31:28Z""}"
194,"2026-04-11 18:26:23.407756+00","fan_events",0,68,"ticket_scan","2025-07-27 14:31:28+00","{""event"": ""ticket_scan"", ""fan_id"": ""fan_03752"", ""location"": ""Jan Breydel Zuid B"", ""match_id"": ""jpl-2025-26-01"", ""timestamp"": ""2025-07-27T14:31:28Z""}"
195,"2026-04-11 18:26:23.729327+00","fan_events",1,69,"ticket_scan","2025-07-27 14:31:28+00","{""event"": ""ticket_scan"", ""fan_id"": ""fan_10943"", ""location"": ""Tribune 3 Gate 7"", ""match_id"": ""jpl-2025-26-01"", ""timestamp"": ""2025-07-27T14:31:28Z""}"
196,"2026-04-11 18:26:24.643488+00","fan_events",2,56,"merch_purchase","2025-07-27 14:31:29+00","{""item"": ""Beanie 1891 navy"", ""event"": ""merch_purchase"", ""amount"": 25.52, ""fan_id"": ""fan_08746"", ""location"": ""Jan Breydel Stadium"", ""match_id"": ""jpl-2025-26-01"", ""timestamp"": ""2025-07-27T14:31:29Z""}"
197,"2026-04-11 18:26:25.627613+00","fan_events",0,69,"merch_purchase","2025-07-27 14:31:29+00","{""item"": ""Sleutelhanger Beer 10cm"", ""event"": ""merch_purchase"", ""amount"": 9.55, ""fan_id"": ""fan_00984"", ""location"": ""Jan Breydel Stadium"", ""match_id"": ""jpl-2025-26-01"", ""timestamp"": ""2025-07-27T14:31:29Z""}"
198,"2026-04-11 18:26:25.930651+00","fan_events",0,70,"ticket_scan","2025-07-27 14:31:29+00","{""event"": ""ticket_scan"", ""fan_id"": ""fan_14964"", ""location"": ""Fan Zone East"", ""match_id"": ""jpl-2025-26-01"", ""timestamp"": ""2025-07-27T14:31:29Z""}"
199,"2026-04-11 18:26:26.507566+00","fan_events",2,57,"ticket_scan","2025-07-27 14:31:30+00","{""event"": ""ticket_scan"", ""fan_id"": ""fan_02054"", ""location"": ""Tribune 3 Gate 7"", ""match_id"": ""jpl-2025-26-01"", ""timestamp"": ""2025-07-27T14:31:30Z""}"
200,"2026-04-11 18:26:27.126462+00","fan_events",2,58,"ticket_scan","2025-07-27 14:31:30+00","{""event"": ""ticket_scan"", ""fan_id"": ""fan_07168"", ""location"": ""Jan Breydel Zuid B"", ""match_id"": ""jpl-2025-26-01"", ""timestamp"": ""2025-07-27T14:31:30Z""}"
201,"2026-04-11 18:26:27.530482+00","fan_events",2,59,"ticket_scan","2025-07-27 14:31:30+00","{""event"": ""ticket_scan"", ""fan_id"": ""fan_07611"", ""location"": ""Jan Breydel Zuid B"", ""match_id"": ""jpl-2025-26-01"", ""timestamp"": ""2025-07-27T14:31:30Z""}"
202,"2026-04-11 18:26:27.860126+00","fan_events",0,71,"ticket_scan","2025-07-27 14:31:30+00","{""event"": ""ticket_scan"", ""fan_id"": ""fan_27538"", ""location"": ""Jan Breydel Noord A"", ""match_id"": ""jpl-2025-26-01"", ""timestamp"": ""2025-07-27T14:31:30Z""}"
203,"2026-04-11 18:26:28.362107+00","fan_events",2,60,"ticket_scan","2025-07-27 14:31:31+00","{""event"": ""ticket_scan"", ""fan_id"": ""fan_09332"", ""location"": ""Jan Breydel Noord A"", ""match_id"": ""jpl-2025-26-01"", ""timestamp"": ""2025-07-27T14:31:31Z""}"
204,"2026-04-11 18:26:28.987637+00","fan_events",1,70,"ticket_scan","2025-07-27 14:31:31+00","{""event"": ""ticket_scan"", ""fan_id"": ""fan_16425"", ""location"": ""VIP Ingang West"", ""match_id"": ""jpl-2025-26-01"", ""timestamp"": ""2025-07-27T14:31:31Z""}"
205,"2026-04-11 18:26:29.682418+00","fan_events",1,71,"ticket_scan","2025-07-27 14:31:31+00","{""event"": ""ticket_scan"", ""fan_id"": ""fan_18439"", ""location"": ""Jan Breydel Zuid B"", ""match_id"": ""jpl-2025-26-01"", ""timestamp"": ""2025-07-27T14:31:31Z""}"
206,"2026-04-11 18:26:30.598526+00","fan_events",0,72,"ticket_scan","2025-07-27 14:31:31+00","{""event"": ""ticket_scan"", ""fan_id"": ""fan_19051"", ""location"": ""VIP Ingang West"", ""match_id"": ""jpl-2025-26-01"", ""timestamp"": ""2025-07-27T14:31:31Z""}"
207,"2026-04-11 18:26:31.227095+00","fan_events",0,73,"ticket_scan","2025-07-27 14:31:32+00","{""event"": ""ticket_scan"", ""fan_id"": ""fan_05157"", ""location"": ""Jan Breydel Zuid B"", ""match_id"": ""jpl-2025-26-01"", ""timestamp"": ""2025-07-27T14:31:32Z""}"
208,"2026-04-11 18:26:32.116956+00","fan_events",1,72,"ticket_scan","2025-07-27 14:31:32+00","{""event"": ""ticket_scan"", ""fan_id"": ""fan_15115"", ""location"": ""Jan Breydel Noord A"", ""match_id"": ""jpl-2025-26-01"", ""timestamp"": ""2025-07-27T14:31:32Z""}"
209,"2026-04-11 18:26:32.980048+00","fan_events",1,73,"ticket_scan","2025-07-27 14:31:32+00","{""event"": ""ticket_scan"", ""fan_id"": ""fan_27233"", ""location"": ""Fan Zone East"", ""match_id"": ""jpl-2025-26-01"", ""timestamp"": ""2025-07-27T14:31:32Z""}"
210,"2026-04-11 18:26:33.476495+00","fan_events",0,74,"ticket_scan","2025-07-27 14:31:34+00","{""event"": ""ticket_scan"", ""fan_id"": ""fan_27534"", ""location"": ""Jan Breydel Zuid B"", ""match_id"": ""jpl-2025-26-01"", ""timestamp"": ""2025-07-27T14:31:34Z""}"
211,"2026-04-11 18:26:34.290333+00","fan_events",1,74,"ticket_scan","2025-07-27 14:31:35+00","{""event"": ""ticket_scan"", ""fan_id"": ""fan_19777"", ""location"": ""VIP Ingang West"", ""match_id"": ""jpl-2025-26-01"", ""timestamp"": ""2025-07-27T14:31:35Z""}"
212,"2026-04-11 18:26:34.729591+00","fan_events",1,75,"ticket_scan","2025-07-27 14:31:35+00","{""event"": ""ticket_scan"", ""fan_id"": ""fan_23998"", ""location"": ""Jan Breydel Zuid B"", ""match_id"": ""jpl-2025-26-01"", ""timestamp"": ""2025-07-27T14:31:35Z""}"
213,"2026-04-11 18:26:35.384944+00","fan_events",1,76,"ticket_scan","2025-07-27 14:31:36+00","{""event"": ""ticket_scan"", ""fan_id"": ""fan_03286"", ""location"": ""VIP Ingang West"", ""match_id"": ""jpl-2025-26-01"", ""timestamp"": ""2025-07-27T14:31:36Z""}"
214,"2026-04-11 18:26:35.903497+00","fan_events",1,77,"ticket_scan","2025-07-27 14:31:36+00","{""event"": ""ticket_scan"", ""fan_id"": ""fan_21431"", ""location"": ""VIP Ingang West"", ""match_id"": ""jpl-2025-26-01"", ""timestamp"": ""2025-07-27T14:31:36Z""}"
215,"2026-04-11 18:26:36.351226+00","fan_events",2,61,"merch_purchase","2025-07-27 14:31:37+00","{""item"": ""Pet Logo Gestreept"", ""event"": ""merch_purchase"", ""amount"": 21.69, ""fan_id"": ""fan_15653"", ""location"": ""Jan Breydel Stadium"", ""match_id"": ""jpl-2025-26-01"", ""timestamp"": ""2025-07-27T14:31:37Z""}"
216,"2026-04-11 18:26:37.208919+00","fan_events",0,75,"merch_purchase","2025-07-27 14:31:37+00","{""item"": ""Beanie 1891 grijs"", ""event"": ""merch_purchase"", ""amount"": 26.39, ""fan_id"": ""fan_19180"", ""location"": ""Jan Breydel Stadium"", ""match_id"": ""jpl-2025-26-01"", ""timestamp"": ""2025-07-27T14:31:37Z""}"
217,"2026-04-11 18:26:38.146569+00","fan_events",2,62,"ticket_scan","2025-07-27 14:31:37+00","{""event"": ""ticket_scan"", ""fan_id"": ""fan_01622"", ""location"": ""Jan Breydel Zuid B"", ""match_id"": ""jpl-2025-26-01"", ""timestamp"": ""2025-07-27T14:31:37Z""}"
218,"2026-04-11 18:26:38.716137+00","fan_events",2,63,"ticket_scan","2025-07-27 14:31:37+00","{""event"": ""ticket_scan"", ""fan_id"": ""fan_11386"", ""location"": ""VIP Ingang West"", ""match_id"": ""jpl-2025-26-01"", ""timestamp"": ""2025-07-27T14:31:37Z""}"
219,"2026-04-11 18:26:39.327203+00","fan_events",1,78,"ticket_scan","2025-07-27 14:31:37+00","{""event"": ""ticket_scan"", ""fan_id"": ""fan_25681"", ""location"": ""Jan Breydel Noord A"", ""match_id"": ""jpl-2025-26-01"", ""timestamp"": ""2025-07-27T14:31:37Z""}"
220,"2026-04-11 18:26:40.092617+00","fan_events",1,79,"ticket_scan","2025-07-27 14:31:37+00","{""event"": ""ticket_scan"", ""fan_id"": ""fan_26044"", ""location"": ""Jan Breydel Zuid B"", ""match_id"": ""jpl-2025-26-01"", ""timestamp"": ""2025-07-27T14:31:37Z""}"
221,"2026-04-11 18:26:40.600891+00","fan_events",1,80,"ticket_scan","2025-07-27 14:31:38+00","{""event"": ""ticket_scan"", ""fan_id"": ""fan_01330"", ""location"": ""Jan Breydel Zuid B"", ""match_id"": ""jpl-2025-26-01"", ""timestamp"": ""2025-07-27T14:31:38Z""}"
222,"2026-04-11 18:26:40.930135+00","fan_events",0,76,"ticket_scan","2025-07-27 14:31:38+00","{""event"": ""ticket_scan"", ""fan_id"": ""fan_07091"", ""location"": ""Fan Zone East"", ""match_id"": ""jpl-2025-26-01"", ""timestamp"": ""2025-07-27T14:31:38Z""}"
223,"2026-04-11 18:26:41.790666+00","fan_events",0,77,"ticket_scan","2025-07-27 14:31:38+00","{""event"": ""ticket_scan"", ""fan_id"": ""fan_28034"", ""location"": ""Jan Breydel Noord A"", ""match_id"": ""jpl-2025-26-01"", ""timestamp"": ""2025-07-27T14:31:38Z""}"
224,"2026-04-11 18:26:42.148852+00","fan_events",0,78,"ticket_scan","2025-07-27 14:31:39+00","{""event"": ""ticket_scan"", ""fan_id"": ""fan_00016"", ""location"": ""Tribune 3 Gate 7"", ""match_id"": ""jpl-2025-26-01"", ""timestamp"": ""2025-07-27T14:31:39Z""}"
225,"2026-04-11 18:26:42.994308+00","fan_events",1,81,"ticket_scan","2025-07-27 14:31:39+00","{""event"": ""ticket_scan"", ""fan_id"": ""fan_07325"", ""location"": ""Fan Zone East"", ""match_id"": ""jpl-2025-26-01"", ""timestamp"": ""2025-07-27T14:31:39Z""}"
226,"2026-04-11 18:26:43.697565+00","fan_events",1,82,"ticket_scan","2025-07-27 14:31:39+00","{""event"": ""ticket_scan"", ""fan_id"": ""fan_24276"", ""location"": ""Fan Zone East"", ""match_id"": ""jpl-2025-26-01"", ""timestamp"": ""2025-07-27T14:31:39Z""}"
227,"2026-04-11 18:26:44.346781+00","fan_events",2,64,"ticket_scan","2025-07-27 14:31:40+00","{""event"": ""ticket_scan"", ""fan_id"": ""fan_05512"", ""location"": ""Tribune 3 Gate 7"", ""match_id"": ""jpl-2025-26-01"", ""timestamp"": ""2025-07-27T14:31:40Z""}"
228,"2026-04-11 18:26:44.733994+00","fan_events",0,79,"merch_purchase","2025-07-27 14:31:41+00","{""item"": ""Pet basic black"", ""event"": ""merch_purchase"", ""amount"": 21.11, ""fan_id"": ""fan_24154"", ""location"": ""Jan Breydel Stadium"", ""match_id"": ""jpl-2025-26-01"", ""timestamp"": ""2025-07-27T14:31:41Z""}"
229,"2026-04-11 18:26:45.708064+00","fan_events",0,80,"ticket_scan","2025-07-27 14:31:41+00","{""event"": ""ticket_scan"", ""fan_id"": ""fan_16150"", ""location"": ""Tribune 3 Gate 7"", ""match_id"": ""jpl-2025-26-01"", ""timestamp"": ""2025-07-27T14:31:41Z""}"
230,"2026-04-11 18:26:46.142313+00","fan_events",2,65,"ticket_scan","2025-07-27 14:31:42+00","{""event"": ""ticket_scan"", ""fan_id"": ""fan_21858"", ""location"": ""Tribune 3 Gate 7"", ""match_id"": ""jpl-2025-26-01"", ""timestamp"": ""2025-07-27T14:31:42Z""}"
231,"2026-04-11 18:26:46.566172+00","fan_events",2,66,"ticket_scan","2025-07-27 14:31:42+00","{""event"": ""ticket_scan"", ""fan_id"": ""fan_26720"", ""location"": ""Fan Zone East"", ""match_id"": ""jpl-2025-26-01"", ""timestamp"": ""2025-07-27T14:31:42Z""}"
232,"2026-04-11 18:26:47.216347+00","fan_events",0,81,"ticket_scan","2025-07-27 14:31:43+00","{""event"": ""ticket_scan"", ""fan_id"": ""fan_09494"", ""location"": ""Fan Zone East"", ""match_id"": ""jpl-2025-26-01"", ""timestamp"": ""2025-07-27T14:31:43Z""}"
233,"2026-04-11 18:26:48.166838+00","fan_events",1,83,"ticket_scan","2025-07-27 14:31:44+00","{""event"": ""ticket_scan"", ""fan_id"": ""fan_11799"", ""location"": ""Jan Breydel Noord A"", ""match_id"": ""jpl-2025-26-01"", ""timestamp"": ""2025-07-27T14:31:44Z""}"
234,"2026-04-11 18:26:48.474076+00","fan_events",0,82,"ticket_scan","2025-07-27 14:31:44+00","{""event"": ""ticket_scan"", ""fan_id"": ""fan_15499"", ""location"": ""Jan Breydel Noord A"", ""match_id"": ""jpl-2025-26-01"", ""timestamp"": ""2025-07-27T14:31:44Z""}"
235,"2026-04-11 18:26:48.983494+00","fan_events",0,83,"ticket_scan","2025-07-27 14:31:45+00","{""event"": ""ticket_scan"", ""fan_id"": ""fan_20499"", ""location"": ""Jan Breydel Noord A"", ""match_id"": ""jpl-2025-26-01"", ""timestamp"": ""2025-07-27T14:31:45Z""}"
236,"2026-04-11 18:26:49.863168+00","fan_events",0,84,"ticket_scan","2025-07-27 14:31:46+00","{""event"": ""ticket_scan"", ""fan_id"": ""fan_14028"", ""location"": ""Jan Breydel Zuid B"", ""match_id"": ""jpl-2025-26-01"", ""timestamp"": ""2025-07-27T14:31:46Z""}"
237,"2026-04-11 18:26:50.170513+00","fan_events",0,85,"merch_purchase","2025-07-27 14:31:47+00","{""item"": ""Sjaal Fort Jan Breydel"", ""event"": ""merch_purchase"", ""amount"": 23.74, ""fan_id"": ""fan_24910"", ""location"": ""Jan Breydel Stadium"", ""match_id"": ""jpl-2025-26-01"", ""timestamp"": ""2025-07-27T14:31:47Z""}"
238,"2026-04-11 18:26:51.156006+00","fan_events",1,84,"ticket_scan","2025-07-27 14:31:49+00","{""event"": ""ticket_scan"", ""fan_id"": ""fan_09950"", ""location"": ""Fan Zone East"", ""match_id"": ""jpl-2025-26-01"", ""timestamp"": ""2025-07-27T14:31:49Z""}"
239,"2026-04-11 18:26:51.716394+00","fan_events",1,85,"ticket_scan","2025-07-27 14:31:49+00","{""event"": ""ticket_scan"", ""fan_id"": ""fan_26207"", ""location"": ""Jan Breydel Zuid B"", ""match_id"": ""jpl-2025-26-01"", ""timestamp"": ""2025-07-27T14:31:49Z""}"
240,"2026-04-11 18:26:52.233186+00","fan_events",1,86,"ticket_scan","2025-07-27 14:31:50+00","{""event"": ""ticket_scan"", ""fan_id"": ""fan_07243"", ""location"": ""Jan Breydel Zuid B"", ""match_id"": ""jpl-2025-26-01"", ""timestamp"": ""2025-07-27T14:31:50Z""}"
241,"2026-04-11 18:26:52.856288+00","fan_events",1,87,"ticket_scan","2025-07-27 14:31:50+00","{""event"": ""ticket_scan"", ""fan_id"": ""fan_10646"", ""location"": ""Fan Zone East"", ""match_id"": ""jpl-2025-26-01"", ""timestamp"": ""2025-07-27T14:31:50Z""}"
242,"2026-04-11 18:26:53.431427+00","fan_events",1,88,"ticket_scan","2025-07-27 14:31:50+00","{""event"": ""ticket_scan"", ""fan_id"": ""fan_21096"", ""location"": ""Fan Zone East"", ""match_id"": ""jpl-2025-26-01"", ""timestamp"": ""2025-07-27T14:31:50Z""}"
243,"2026-04-11 18:26:53.683977+00","fan_events",1,89,"ticket_scan","2025-07-27 14:31:51+00","{""event"": ""ticket_scan"", ""fan_id"": ""fan_06633"", ""location"": ""Jan Breydel Noord A"", ""match_id"": ""jpl-2025-26-01"", ""timestamp"": ""2025-07-27T14:31:51Z""}"
244,"2026-04-11 18:26:53.986795+00","fan_events",2,67,"ticket_scan","2025-07-27 14:31:51+00","{""event"": ""ticket_scan"", ""fan_id"": ""fan_12629"", ""location"": ""Tribune 3 Gate 7"", ""match_id"": ""jpl-2025-26-01"", ""timestamp"": ""2025-07-27T14:31:51Z""}"
245,"2026-04-11 18:26:54.807604+00","fan_events",1,90,"ticket_scan","2025-07-27 14:31:51+00","{""event"": ""ticket_scan"", ""fan_id"": ""fan_12949"", ""location"": ""Jan Breydel Zuid B"", ""match_id"": ""jpl-2025-26-01"", ""timestamp"": ""2025-07-27T14:31:51Z""}"
246,"2026-04-11 18:26:55.082566+00","fan_events",2,68,"ticket_scan","2025-07-27 14:31:51+00","{""event"": ""ticket_scan"", ""fan_id"": ""fan_15373"", ""location"": ""Fan Zone East"", ""match_id"": ""jpl-2025-26-01"", ""timestamp"": ""2025-07-27T14:31:51Z""}"
247,"2026-04-11 18:26:55.983185+00","fan_events",0,86,"ticket_scan","2025-07-27 14:31:51+00","{""event"": ""ticket_scan"", ""fan_id"": ""fan_19286"", ""location"": ""Tribune 3 Gate 7"", ""match_id"": ""jpl-2025-26-01"", ""timestamp"": ""2025-07-27T14:31:51Z""}"
278,"2026-04-11 18:27:17.0501+00","fan_events",0,95,"ticket_scan","2025-07-27 14:32:06+00","{""event"": ""ticket_scan"", ""fan_id"": ""fan_26156"", ""location"": ""Fan Zone East"", ""match_id"": ""jpl-2025-26-01"", ""timestamp"": ""2025-07-27T14:32:06Z""}"
248,"2026-04-11 18:26:56.96012+00","fan_events",1,91,"merch_purchase","2025-07-27 14:31:52+00","{""item"": ""Sjaal Fort Jan Breydel"", ""event"": ""merch_purchase"", ""amount"": 27.18, ""fan_id"": ""fan_07858"", ""location"": ""Jan Breydel Stadium"", ""match_id"": ""jpl-2025-26-01"", ""timestamp"": ""2025-07-27T14:31:52Z""}"
249,"2026-04-11 18:26:57.758492+00","fan_events",0,87,"merch_purchase","2025-07-27 14:31:52+00","{""item"": ""Beanie 1891 Fisherman zwart"", ""event"": ""merch_purchase"", ""amount"": 30.07, ""fan_id"": ""fan_13782"", ""location"": ""Jan Breydel Stadium"", ""match_id"": ""jpl-2025-26-01"", ""timestamp"": ""2025-07-27T14:31:52Z""}"
250,"2026-04-11 18:26:58.739302+00","fan_events",1,92,"ticket_scan","2025-07-27 14:31:52+00","{""event"": ""ticket_scan"", ""fan_id"": ""fan_19054"", ""location"": ""Jan Breydel Noord A"", ""match_id"": ""jpl-2025-26-01"", ""timestamp"": ""2025-07-27T14:31:52Z""}"
251,"2026-04-11 18:26:59.510107+00","fan_events",0,88,"ticket_scan","2025-07-27 14:31:53+00","{""event"": ""ticket_scan"", ""fan_id"": ""fan_10584"", ""location"": ""Fan Zone East"", ""match_id"": ""jpl-2025-26-01"", ""timestamp"": ""2025-07-27T14:31:53Z""}"
252,"2026-04-11 18:27:00.372916+00","fan_events",0,89,"ticket_scan","2025-07-27 14:31:53+00","{""event"": ""ticket_scan"", ""fan_id"": ""fan_18184"", ""location"": ""Jan Breydel Zuid B"", ""match_id"": ""jpl-2025-26-01"", ""timestamp"": ""2025-07-27T14:31:53Z""}"
253,"2026-04-11 18:27:00.873804+00","fan_events",2,69,"ticket_scan","2025-07-27 14:31:53+00","{""event"": ""ticket_scan"", ""fan_id"": ""fan_23271"", ""location"": ""Jan Breydel Noord A"", ""match_id"": ""jpl-2025-26-01"", ""timestamp"": ""2025-07-27T14:31:53Z""}"
254,"2026-04-11 18:27:01.647541+00","fan_events",2,70,"merch_purchase","2025-07-27 14:31:54+00","{""item"": ""Pet basic black"", ""event"": ""merch_purchase"", ""amount"": 19.14, ""fan_id"": ""fan_21436"", ""location"": ""Jan Breydel Stadium"", ""match_id"": ""jpl-2025-26-01"", ""timestamp"": ""2025-07-27T14:31:54Z""}"
255,"2026-04-11 18:27:02.393611+00","fan_events",2,71,"ticket_scan","2025-07-27 14:31:54+00","{""event"": ""ticket_scan"", ""fan_id"": ""fan_04277"", ""location"": ""Jan Breydel Noord A"", ""match_id"": ""jpl-2025-26-01"", ""timestamp"": ""2025-07-27T14:31:54Z""}"
256,"2026-04-11 18:27:03.342648+00","fan_events",1,93,"ticket_scan","2025-07-27 14:31:56+00","{""event"": ""ticket_scan"", ""fan_id"": ""fan_08526"", ""location"": ""Tribune 3 Gate 7"", ""match_id"": ""jpl-2025-26-01"", ""timestamp"": ""2025-07-27T14:31:56Z""}"
257,"2026-04-11 18:27:03.979093+00","fan_events",1,94,"ticket_scan","2025-07-27 14:31:56+00","{""event"": ""ticket_scan"", ""fan_id"": ""fan_09809"", ""location"": ""VIP Ingang West"", ""match_id"": ""jpl-2025-26-01"", ""timestamp"": ""2025-07-27T14:31:56Z""}"
258,"2026-04-11 18:27:04.54675+00","fan_events",1,95,"ticket_scan","2025-07-27 14:31:57+00","{""event"": ""ticket_scan"", ""fan_id"": ""fan_26168"", ""location"": ""Fan Zone East"", ""match_id"": ""jpl-2025-26-01"", ""timestamp"": ""2025-07-27T14:31:57Z""}"
259,"2026-04-11 18:27:05.023486+00","fan_events",2,72,"merch_purchase","2025-07-27 14:31:58+00","{""item"": ""Handschoenen Touch volw."", ""event"": ""merch_purchase"", ""amount"": 19.97, ""fan_id"": ""fan_03500"", ""location"": ""Jan Breydel Stadium"", ""match_id"": ""jpl-2025-26-01"", ""timestamp"": ""2025-07-27T14:31:58Z""}"
260,"2026-04-11 18:27:05.482959+00","fan_events",1,96,"ticket_scan","2025-07-27 14:31:58+00","{""event"": ""ticket_scan"", ""fan_id"": ""fan_05245"", ""location"": ""Fan Zone East"", ""match_id"": ""jpl-2025-26-01"", ""timestamp"": ""2025-07-27T14:31:58Z""}"
261,"2026-04-11 18:27:06.040434+00","fan_events",1,97,"ticket_scan","2025-07-27 14:31:58+00","{""event"": ""ticket_scan"", ""fan_id"": ""fan_26772"", ""location"": ""Tribune 3 Gate 7"", ""match_id"": ""jpl-2025-26-01"", ""timestamp"": ""2025-07-27T14:31:58Z""}"
262,"2026-04-11 18:27:06.763297+00","fan_events",0,90,"ticket_scan","2025-07-27 14:31:58+00","{""event"": ""ticket_scan"", ""fan_id"": ""fan_27961"", ""location"": ""Tribune 3 Gate 7"", ""match_id"": ""jpl-2025-26-01"", ""timestamp"": ""2025-07-27T14:31:58Z""}"
263,"2026-04-11 18:27:07.367337+00","fan_events",0,91,"ticket_scan","2025-07-27 14:31:59+00","{""event"": ""ticket_scan"", ""fan_id"": ""fan_18852"", ""location"": ""VIP Ingang West"", ""match_id"": ""jpl-2025-26-01"", ""timestamp"": ""2025-07-27T14:31:59Z""}"
264,"2026-04-11 18:27:07.844821+00","fan_events",1,98,"ticket_scan","2025-07-27 14:31:59+00","{""event"": ""ticket_scan"", ""fan_id"": ""fan_20110"", ""location"": ""Jan Breydel Noord A"", ""match_id"": ""jpl-2025-26-01"", ""timestamp"": ""2025-07-27T14:31:59Z""}"
265,"2026-04-11 18:27:08.703502+00","fan_events",0,92,"merch_purchase","2025-07-27 14:32:00+00","{""item"": ""Sjaal Club Brugge - Arsenal"", ""event"": ""merch_purchase"", ""amount"": 44.12, ""fan_id"": ""fan_05785"", ""location"": ""Jan Breydel Stadium"", ""match_id"": ""jpl-2025-26-01"", ""timestamp"": ""2025-07-27T14:32:00Z""}"
266,"2026-04-11 18:27:09.673932+00","fan_events",0,93,"ticket_scan","2025-07-27 14:32:00+00","{""event"": ""ticket_scan"", ""fan_id"": ""fan_01507"", ""location"": ""VIP Ingang West"", ""match_id"": ""jpl-2025-26-01"", ""timestamp"": ""2025-07-27T14:32:00Z""}"
267,"2026-04-11 18:27:10.370251+00","fan_events",1,99,"ticket_scan","2025-07-27 14:32:01+00","{""event"": ""ticket_scan"", ""fan_id"": ""fan_01204"", ""location"": ""Fan Zone East"", ""match_id"": ""jpl-2025-26-01"", ""timestamp"": ""2025-07-27T14:32:01Z""}"
268,"2026-04-11 18:27:10.891667+00","fan_events",0,94,"merch_purchase","2025-07-27 14:32:03+00","{""item"": ""Pet 1891"", ""event"": ""merch_purchase"", ""amount"": 24.67, ""fan_id"": ""fan_14573"", ""location"": ""Jan Breydel Stadium"", ""match_id"": ""jpl-2025-26-01"", ""timestamp"": ""2025-07-27T14:32:03Z""}"
269,"2026-04-11 18:27:11.683503+00","fan_events",2,73,"ticket_scan","2025-07-27 14:32:03+00","{""event"": ""ticket_scan"", ""fan_id"": ""fan_09106"", ""location"": ""Jan Breydel Noord A"", ""match_id"": ""jpl-2025-26-01"", ""timestamp"": ""2025-07-27T14:32:03Z""}"
270,"2026-04-11 18:27:12.008959+00","fan_events",1,100,"ticket_scan","2025-07-27 14:32:03+00","{""event"": ""ticket_scan"", ""fan_id"": ""fan_13932"", ""location"": ""VIP Ingang West"", ""match_id"": ""jpl-2025-26-01"", ""timestamp"": ""2025-07-27T14:32:03Z""}"
271,"2026-04-11 18:27:12.500405+00","fan_events",2,74,"merch_purchase","2025-07-27 14:32:04+00","{""item"": ""Sjaal Club Brugge - Arsenal"", ""event"": ""merch_purchase"", ""amount"": 43.52, ""fan_id"": ""fan_14445"", ""location"": ""Jan Breydel Stadium"", ""match_id"": ""jpl-2025-26-01"", ""timestamp"": ""2025-07-27T14:32:04Z""}"
272,"2026-04-11 18:27:13.346996+00","fan_events",2,75,"ticket_scan","2025-07-27 14:32:04+00","{""event"": ""ticket_scan"", ""fan_id"": ""fan_06565"", ""location"": ""VIP Ingang West"", ""match_id"": ""jpl-2025-26-01"", ""timestamp"": ""2025-07-27T14:32:04Z""}"
273,"2026-04-11 18:27:13.867189+00","fan_events",2,76,"ticket_scan","2025-07-27 14:32:04+00","{""event"": ""ticket_scan"", ""fan_id"": ""fan_16053"", ""location"": ""Tribune 3 Gate 7"", ""match_id"": ""jpl-2025-26-01"", ""timestamp"": ""2025-07-27T14:32:04Z""}"
274,"2026-04-11 18:27:14.32758+00","fan_events",1,101,"ticket_scan","2025-07-27 14:32:04+00","{""event"": ""ticket_scan"", ""fan_id"": ""fan_21954"", ""location"": ""Fan Zone East"", ""match_id"": ""jpl-2025-26-01"", ""timestamp"": ""2025-07-27T14:32:04Z""}"
275,"2026-04-11 18:27:15.220137+00","fan_events",1,102,"merch_purchase","2025-07-27 14:32:05+00","{""item"": ""Sjaal No Sweat No Glory"", ""event"": ""merch_purchase"", ""amount"": 28.65, ""fan_id"": ""fan_26503"", ""location"": ""Jan Breydel Stadium"", ""match_id"": ""jpl-2025-26-01"", ""timestamp"": ""2025-07-27T14:32:05Z""}"
276,"2026-04-11 18:27:15.474222+00","fan_events",2,77,"ticket_scan","2025-07-27 14:32:05+00","{""event"": ""ticket_scan"", ""fan_id"": ""fan_20779"", ""location"": ""VIP Ingang West"", ""match_id"": ""jpl-2025-26-01"", ""timestamp"": ""2025-07-27T14:32:05Z""}"
277,"2026-04-11 18:27:16.293866+00","fan_events",1,103,"merch_purchase","2025-07-27 14:32:06+00","{""item"": ""Pet Navy Basic"", ""event"": ""merch_purchase"", ""amount"": 24.25, ""fan_id"": ""fan_26012"", ""location"": ""Jan Breydel Stadium"", ""match_id"": ""jpl-2025-26-01"", ""timestamp"": ""2025-07-27T14:32:06Z""}"
279,"2026-04-11 18:27:17.93139+00","fan_events",1,104,"merch_purchase","2025-07-27 14:32:08+00","{""item"": ""Spiegelhanger 25/26"", ""event"": ""merch_purchase"", ""amount"": 17.16, ""fan_id"": ""fan_17258"", ""location"": ""Jan Breydel Stadium"", ""match_id"": ""jpl-2025-26-01"", ""timestamp"": ""2025-07-27T14:32:08Z""}"
280,"2026-04-11 18:27:18.701614+00","fan_events",2,78,"merch_purchase","2025-07-27 14:32:08+00","{""item"": ""Retro Beanie Assubel"", ""event"": ""merch_purchase"", ""amount"": 33.42, ""fan_id"": ""fan_13494"", ""location"": ""Jan Breydel Stadium"", ""match_id"": ""jpl-2025-26-01"", ""timestamp"": ""2025-07-27T14:32:08Z""}"
281,"2026-04-11 18:27:19.677345+00","fan_events",2,79,"ticket_scan","2025-07-27 14:32:08+00","{""event"": ""ticket_scan"", ""fan_id"": ""fan_13175"", ""location"": ""Tribune 3 Gate 7"", ""match_id"": ""jpl-2025-26-01"", ""timestamp"": ""2025-07-27T14:32:08Z""}"
282,"2026-04-11 18:27:20.137849+00","fan_events",0,96,"ticket_scan","2025-07-27 14:32:08+00","{""event"": ""ticket_scan"", ""fan_id"": ""fan_28545"", ""location"": ""Tribune 3 Gate 7"", ""match_id"": ""jpl-2025-26-01"", ""timestamp"": ""2025-07-27T14:32:08Z""}"
283,"2026-04-11 18:27:21.071405+00","fan_events",1,105,"merch_purchase","2025-07-27 14:32:10+00","{""item"": ""Retro Beanie Wit"", ""event"": ""merch_purchase"", ""amount"": 29.62, ""fan_id"": ""fan_28087"", ""location"": ""Jan Breydel Stadium"", ""match_id"": ""jpl-2025-26-01"", ""timestamp"": ""2025-07-27T14:32:10Z""}"
284,"2026-04-11 18:27:21.434465+00","fan_events",0,97,"merch_purchase","2025-07-27 14:32:11+00","{""item"": ""Sjaal Club Brugge"", ""event"": ""merch_purchase"", ""amount"": 28.47, ""fan_id"": ""fan_07361"", ""location"": ""Jan Breydel Stadium"", ""match_id"": ""jpl-2025-26-01"", ""timestamp"": ""2025-07-27T14:32:11Z""}"
285,"2026-04-11 18:27:22.148356+00","fan_events",0,98,"ticket_scan","2025-07-27 14:32:11+00","{""event"": ""ticket_scan"", ""fan_id"": ""fan_09496"", ""location"": ""Tribune 3 Gate 7"", ""match_id"": ""jpl-2025-26-01"", ""timestamp"": ""2025-07-27T14:32:11Z""}"
286,"2026-04-11 18:27:23.121748+00","fan_events",1,106,"ticket_scan","2025-07-27 14:32:11+00","{""event"": ""ticket_scan"", ""fan_id"": ""fan_20299"", ""location"": ""Jan Breydel Noord A"", ""match_id"": ""jpl-2025-26-01"", ""timestamp"": ""2025-07-27T14:32:11Z""}"
287,"2026-04-11 18:27:23.556608+00","fan_events",2,80,"ticket_scan","2025-07-27 14:32:11+00","{""event"": ""ticket_scan"", ""fan_id"": ""fan_23432"", ""location"": ""VIP Ingang West"", ""match_id"": ""jpl-2025-26-01"", ""timestamp"": ""2025-07-27T14:32:11Z""}"
288,"2026-04-11 18:27:23.978025+00","fan_events",1,107,"ticket_scan","2025-07-27 14:32:12+00","{""event"": ""ticket_scan"", ""fan_id"": ""fan_14183"", ""location"": ""Jan Breydel Noord A"", ""match_id"": ""jpl-2025-26-01"", ""timestamp"": ""2025-07-27T14:32:12Z""}"
289,"2026-04-11 18:27:24.897265+00","fan_events",2,81,"ticket_scan","2025-07-27 14:32:13+00","{""event"": ""ticket_scan"", ""fan_id"": ""fan_14510"", ""location"": ""Tribune 3 Gate 7"", ""match_id"": ""jpl-2025-26-01"", ""timestamp"": ""2025-07-27T14:32:13Z""}"
290,"2026-04-11 18:27:25.385077+00","fan_events",1,108,"ticket_scan","2025-07-27 14:32:13+00","{""event"": ""ticket_scan"", ""fan_id"": ""fan_16619"", ""location"": ""VIP Ingang West"", ""match_id"": ""jpl-2025-26-01"", ""timestamp"": ""2025-07-27T14:32:13Z""}"
291,"2026-04-11 18:27:25.9112+00","fan_events",1,109,"ticket_scan","2025-07-27 14:32:13+00","{""event"": ""ticket_scan"", ""fan_id"": ""fan_20913"", ""location"": ""Jan Breydel Noord A"", ""match_id"": ""jpl-2025-26-01"", ""timestamp"": ""2025-07-27T14:32:13Z""}"
292,"2026-04-11 18:27:26.524738+00","fan_events",0,99,"ticket_scan","2025-07-27 14:32:14+00","{""event"": ""ticket_scan"", ""fan_id"": ""fan_21030"", ""location"": ""Tribune 3 Gate 7"", ""match_id"": ""jpl-2025-26-01"", ""timestamp"": ""2025-07-27T14:32:14Z""}"
293,"2026-04-11 18:27:27.316482+00","fan_events",1,110,"ticket_scan","2025-07-27 14:32:15+00","{""event"": ""ticket_scan"", ""fan_id"": ""fan_17793"", ""location"": ""Jan Breydel Noord A"", ""match_id"": ""jpl-2025-26-01"", ""timestamp"": ""2025-07-27T14:32:15Z""}"
294,"2026-04-11 18:27:27.928597+00","fan_events",2,82,"ticket_scan","2025-07-27 14:32:15+00","{""event"": ""ticket_scan"", ""fan_id"": ""fan_19814"", ""location"": ""Jan Breydel Noord A"", ""match_id"": ""jpl-2025-26-01"", ""timestamp"": ""2025-07-27T14:32:15Z""}"
295,"2026-04-11 18:27:28.198655+00","fan_events",1,111,"merch_purchase","2025-07-27 14:32:16+00","{""item"": ""Handschoenen Touch volw."", ""event"": ""merch_purchase"", ""amount"": 16.35, ""fan_id"": ""fan_20063"", ""location"": ""Jan Breydel Stadium"", ""match_id"": ""jpl-2025-26-01"", ""timestamp"": ""2025-07-27T14:32:16Z""}"
296,"2026-04-11 18:27:28.935386+00","fan_events",2,83,"ticket_scan","2025-07-27 14:32:16+00","{""event"": ""ticket_scan"", ""fan_id"": ""fan_01388"", ""location"": ""VIP Ingang West"", ""match_id"": ""jpl-2025-26-01"", ""timestamp"": ""2025-07-27T14:32:16Z""}"
297,"2026-04-11 18:27:29.389998+00","fan_events",1,112,"ticket_scan","2025-07-27 14:32:16+00","{""event"": ""ticket_scan"", ""fan_id"": ""fan_16710"", ""location"": ""Jan Breydel Noord A"", ""match_id"": ""jpl-2025-26-01"", ""timestamp"": ""2025-07-27T14:32:16Z""}"
298,"2026-04-11 18:27:29.857307+00","fan_events",0,100,"ticket_scan","2025-07-27 14:32:16+00","{""event"": ""ticket_scan"", ""fan_id"": ""fan_21695"", ""location"": ""VIP Ingang West"", ""match_id"": ""jpl-2025-26-01"", ""timestamp"": ""2025-07-27T14:32:16Z""}"
299,"2026-04-11 18:27:30.449517+00","fan_events",1,113,"ticket_scan","2025-07-27 14:32:16+00","{""event"": ""ticket_scan"", ""fan_id"": ""fan_22247"", ""location"": ""Jan Breydel Zuid B"", ""match_id"": ""jpl-2025-26-01"", ""timestamp"": ""2025-07-27T14:32:16Z""}"
300,"2026-04-11 18:27:30.785479+00","fan_events",0,101,"merch_purchase","2025-07-27 14:32:17+00","{""item"": ""Pet 1891"", ""event"": ""merch_purchase"", ""amount"": 23.32, ""fan_id"": ""fan_17365"", ""location"": ""Jan Breydel Stadium"", ""match_id"": ""jpl-2025-26-01"", ""timestamp"": ""2025-07-27T14:32:17Z""}"
301,"2026-04-11 18:27:31.375293+00","fan_events",0,102,"ticket_scan","2025-07-27 14:32:17+00","{""event"": ""ticket_scan"", ""fan_id"": ""fan_25294"", ""location"": ""Tribune 3 Gate 7"", ""match_id"": ""jpl-2025-26-01"", ""timestamp"": ""2025-07-27T14:32:17Z""}"
302,"2026-04-11 18:27:31.663691+00","fan_events",1,114,"merch_purchase","2025-07-27 14:32:18+00","{""item"": ""Sjaal Club Brugge - FC Barcelona"", ""event"": ""merch_purchase"", ""amount"": 37.44, ""fan_id"": ""fan_22973"", ""location"": ""Jan Breydel Stadium"", ""match_id"": ""jpl-2025-26-01"", ""timestamp"": ""2025-07-27T14:32:18Z""}"
303,"2026-04-11 18:27:32.197844+00","fan_events",2,84,"ticket_scan","2025-07-27 14:32:18+00","{""event"": ""ticket_scan"", ""fan_id"": ""fan_03233"", ""location"": ""Fan Zone East"", ""match_id"": ""jpl-2025-26-01"", ""timestamp"": ""2025-07-27T14:32:18Z""}"
304,"2026-04-11 18:27:32.560033+00","fan_events",0,103,"merch_purchase","2025-07-27 14:32:20+00","{""item"": ""Retro Beanie Assubel"", ""event"": ""merch_purchase"", ""amount"": 28.37, ""fan_id"": ""fan_22256"", ""location"": ""Jan Breydel Stadium"", ""match_id"": ""jpl-2025-26-01"", ""timestamp"": ""2025-07-27T14:32:20Z""}"
305,"2026-04-11 18:27:32.836176+00","fan_events",0,104,"ticket_scan","2025-07-27 14:32:20+00","{""event"": ""ticket_scan"", ""fan_id"": ""fan_12833"", ""location"": ""VIP Ingang West"", ""match_id"": ""jpl-2025-26-01"", ""timestamp"": ""2025-07-27T14:32:20Z""}"
306,"2026-04-11 18:27:33.112105+00","fan_events",0,105,"ticket_scan","2025-07-27 14:32:21+00","{""event"": ""ticket_scan"", ""fan_id"": ""fan_23876"", ""location"": ""VIP Ingang West"", ""match_id"": ""jpl-2025-26-01"", ""timestamp"": ""2025-07-27T14:32:21Z""}"
307,"2026-04-11 18:27:33.738732+00","fan_events",0,106,"ticket_scan","2025-07-27 14:32:22+00","{""event"": ""ticket_scan"", ""fan_id"": ""fan_13578"", ""location"": ""Jan Breydel Noord A"", ""match_id"": ""jpl-2025-26-01"", ""timestamp"": ""2025-07-27T14:32:22Z""}"
308,"2026-04-11 18:27:34.137246+00","fan_events",0,107,"ticket_scan","2025-07-27 14:32:22+00","{""event"": ""ticket_scan"", ""fan_id"": ""fan_24704"", ""location"": ""Jan Breydel Noord A"", ""match_id"": ""jpl-2025-26-01"", ""timestamp"": ""2025-07-27T14:32:22Z""}"
309,"2026-04-11 18:27:35.129434+00","fan_events",0,108,"merch_purchase","2025-07-27 14:32:23+00","{""item"": ""Retro Beanie Wit"", ""event"": ""merch_purchase"", ""amount"": 29.97, ""fan_id"": ""fan_14624"", ""location"": ""Jan Breydel Stadium"", ""match_id"": ""jpl-2025-26-01"", ""timestamp"": ""2025-07-27T14:32:23Z""}"
310,"2026-04-11 18:27:35.397609+00","fan_events",2,85,"merch_purchase","2025-07-27 14:32:23+00","{""item"": ""Retro Sjaal Assubel"", ""event"": ""merch_purchase"", ""amount"": 36.15, ""fan_id"": ""fan_20212"", ""location"": ""Jan Breydel Stadium"", ""match_id"": ""jpl-2025-26-01"", ""timestamp"": ""2025-07-27T14:32:23Z""}"
311,"2026-04-11 18:27:36.023401+00","fan_events",2,86,"ticket_scan","2025-07-27 14:32:23+00","{""event"": ""ticket_scan"", ""fan_id"": ""fan_14306"", ""location"": ""Jan Breydel Noord A"", ""match_id"": ""jpl-2025-26-01"", ""timestamp"": ""2025-07-27T14:32:23Z""}"
312,"2026-04-11 18:27:36.469613+00","fan_events",1,115,"ticket_scan","2025-07-27 14:32:23+00","{""event"": ""ticket_scan"", ""fan_id"": ""fan_21978"", ""location"": ""Fan Zone East"", ""match_id"": ""jpl-2025-26-01"", ""timestamp"": ""2025-07-27T14:32:23Z""}"
313,"2026-04-11 18:27:37.142315+00","fan_events",2,87,"ticket_scan","2025-07-27 14:32:23+00","{""event"": ""ticket_scan"", ""fan_id"": ""fan_28402"", ""location"": ""Jan Breydel Noord A"", ""match_id"": ""jpl-2025-26-01"", ""timestamp"": ""2025-07-27T14:32:23Z""}"
314,"2026-04-11 18:27:37.948427+00","fan_events",2,88,"merch_purchase","2025-07-27 14:32:24+00","{""item"": ""Pet Logo Gestreept"", ""event"": ""merch_purchase"", ""amount"": 24.04, ""fan_id"": ""fan_23457"", ""location"": ""Jan Breydel Stadium"", ""match_id"": ""jpl-2025-26-01"", ""timestamp"": ""2025-07-27T14:32:24Z""}"
315,"2026-04-11 18:27:38.36302+00","fan_events",1,116,"ticket_scan","2025-07-27 14:32:24+00","{""event"": ""ticket_scan"", ""fan_id"": ""fan_10109"", ""location"": ""Jan Breydel Noord A"", ""match_id"": ""jpl-2025-26-01"", ""timestamp"": ""2025-07-27T14:32:24Z""}"
316,"2026-04-11 18:27:39.309838+00","fan_events",1,117,"ticket_scan","2025-07-27 14:32:25+00","{""event"": ""ticket_scan"", ""fan_id"": ""fan_13574"", ""location"": ""Fan Zone East"", ""match_id"": ""jpl-2025-26-01"", ""timestamp"": ""2025-07-27T14:32:25Z""}"
317,"2026-04-11 18:27:39.637404+00","fan_events",1,118,"ticket_scan","2025-07-27 14:32:25+00","{""event"": ""ticket_scan"", ""fan_id"": ""fan_23606"", ""location"": ""Tribune 3 Gate 7"", ""match_id"": ""jpl-2025-26-01"", ""timestamp"": ""2025-07-27T14:32:25Z""}"
318,"2026-04-11 18:27:40.390787+00","fan_events",2,89,"merch_purchase","2025-07-27 14:32:26+00","{""item"": ""Sjaal Club Kids"", ""event"": ""merch_purchase"", ""amount"": 18.58, ""fan_id"": ""fan_02247"", ""location"": ""Jan Breydel Stadium"", ""match_id"": ""jpl-2025-26-01"", ""timestamp"": ""2025-07-27T14:32:26Z""}"
319,"2026-04-11 18:27:41.063836+00","fan_events",0,109,"merch_purchase","2025-07-27 14:32:26+00","{""item"": ""Pet 'summer pink'"", ""event"": ""merch_purchase"", ""amount"": 18.95, ""fan_id"": ""fan_17683"", ""location"": ""Jan Breydel Stadium"", ""match_id"": ""jpl-2025-26-01"", ""timestamp"": ""2025-07-27T14:32:26Z""}"
320,"2026-04-11 18:27:41.941044+00","fan_events",2,90,"merch_purchase","2025-07-27 14:32:26+00","{""item"": ""Sjaal You'll never walk alone"", ""event"": ""merch_purchase"", ""amount"": 23.87, ""fan_id"": ""fan_06552"", ""location"": ""Jan Breydel Stadium"", ""match_id"": ""jpl-2025-26-01"", ""timestamp"": ""2025-07-27T14:32:26Z""}"
321,"2026-04-11 18:27:42.603494+00","fan_events",2,91,"ticket_scan","2025-07-27 14:32:26+00","{""event"": ""ticket_scan"", ""fan_id"": ""fan_17961"", ""location"": ""Tribune 3 Gate 7"", ""match_id"": ""jpl-2025-26-01"", ""timestamp"": ""2025-07-27T14:32:26Z""}"
322,"2026-04-11 18:27:42.984456+00","fan_events",1,119,"ticket_scan","2025-07-27 14:32:26+00","{""event"": ""ticket_scan"", ""fan_id"": ""fan_18490"", ""location"": ""Jan Breydel Noord A"", ""match_id"": ""jpl-2025-26-01"", ""timestamp"": ""2025-07-27T14:32:26Z""}"
323,"2026-04-11 18:27:43.817886+00","fan_events",1,120,"ticket_scan","2025-07-27 14:32:26+00","{""event"": ""ticket_scan"", ""fan_id"": ""fan_24877"", ""location"": ""Jan Breydel Zuid B"", ""match_id"": ""jpl-2025-26-01"", ""timestamp"": ""2025-07-27T14:32:26Z""}"
324,"2026-04-11 18:27:44.420135+00","fan_events",1,121,"ticket_scan","2025-07-27 14:32:27+00","{""event"": ""ticket_scan"", ""fan_id"": ""fan_12058"", ""location"": ""VIP Ingang West"", ""match_id"": ""jpl-2025-26-01"", ""timestamp"": ""2025-07-27T14:32:27Z""}"
325,"2026-04-11 18:27:44.986629+00","fan_events",0,110,"ticket_scan","2025-07-27 14:32:28+00","{""event"": ""ticket_scan"", ""fan_id"": ""fan_28967"", ""location"": ""Jan Breydel Noord A"", ""match_id"": ""jpl-2025-26-01"", ""timestamp"": ""2025-07-27T14:32:28Z""}"
326,"2026-04-11 18:27:45.266036+00","fan_events",0,111,"ticket_scan","2025-07-27 14:32:29+00","{""event"": ""ticket_scan"", ""fan_id"": ""fan_19710"", ""location"": ""Jan Breydel Zuid B"", ""match_id"": ""jpl-2025-26-01"", ""timestamp"": ""2025-07-27T14:32:29Z""}"
